mq2_ppm,mq7_ppm,mq135_ppm,mq303_ppm,mq136_ppm,temperature_c,humidity_pct,gas_class
37.450712295168486,76.54339247072038,13.238442690503462,0.00804605971281605,0.2648769937914996,27.29758912915246,80.79212815507391,CO
41.51152093729363,68.26314035162619,12.712800217929823,0.004073164614375076,0.23014053696446146,28.725886814698104,45.86719755342202,CO
4.126232512304508,65.94281176897569,4.935844398327881,0.005628494665190548,0.16379638867181837,23.763088895994127,79.65648768921554,CO
26.613355492701967,81.6882051171981,2.8762590689327165,0.003911234550949634,0.3166383884564799,24.54701926773309,68.75698018345672,CO
20.990419651217927,72.70765625516808,6.991466938853016,0.008704556369017876,0.2979754162893099,24.8268672131323,73.22544912103189,CO
11.687345250434667,85.22158987511888,0.20164938060112192,0.002343627902203139,0.3295291853803685,30.215399739986232,66.7136828118997,CO
28.26527576417639,72.47240761026778,2.6073900481628627,0.0035603115832105827,0.23090418435603188,31.171366678656746,68.43618289568461,CO
3.554397669558991,88.10209923486988,8.074588597918417,0.0036461559993880826,0.39175144332613016,31.092998567487854,74.31280119116198,CO
17.41173715166042,72.26969060371964,11.65631715701782,0.006951090254244718,0.2281238643232065,27.44302307000855,53.93665025993972,CO
12.056900638789937,100.31314555985495,16.781200142854114,0.004855979756839332,0.45052993468380365,29.084908075142902,58.54880245394876,CO
35.42093408262621,118.45091416164922,9.820869804450242,0.008129287311628012,0.0,30.465707513125672,65.87047068238171,CO
25.514889743011988,82.29401941338756,0.062155426995536445,0.004560656224324976,0.3535668857267619,32.43368213422455,59.81729781726352,CO
17.872595956602186,67.45607391038658,14.57701058851037,0.005657502219319369,0.2205359694349442,29.539802299340067,65.9707754934804,CO
44.52967485799334,62.44867265306619,8.361689267011158,0.004215783693735685,0.0804727577801822,28.88836083119373,67.6105527217989,CO
30.076701849636912,74.13532166562133,2.923146289747929,0.004158709354469282,0.24859282252098458,25.593168192335142,63.387142883339905,CO
36.060762852218076,127.15464753026325,10.872889064159194,0.005515100781445529,0.2888331126350749,22.243686354102877,64.73486124550783,CO
30.903453149115396,141.58105281213216,9.038195176094387,0.005603094684667225,0.29479323454421347,24.493965887141403,76.4282281451502,CO
41.27899549030161,99.77579867607616,5.453062726026305,0.007805588621872198,0.08972234058115786,29.76057128140081,86.90455625809979,CO
15.141955123039676,65.8425567599307,10.498256825438206,0.0039930486917676014,0.06740048534008009,28.205688924418084,54.37696286273895,CO
37.10388645952772,57.01439414415492,17.749672025087698,0.003433493415327526,0.2516907725691486,30.440551652109008,52.69135683566045,CO
33.41189901906194,112.6785688570607,1.9625838271938623,0.005369267717064609,0.3389824191372635,30.34546861533193,52.63049289121918,CO
10.193150803735854,93.04853914042243,11.48492336616593,0.005500985700691753,0.35196723142454633,25.959925835264528,67.32253697161003,CO
34.39608709948022,62.1412145493408,19.328872555723784,0.005947665841823575,0.12130447541960271,29.96966082590149,55.253183297726785,CO
41.806269056136784,108.9648894751851,5.896588408241447,0.006926752258488643,0.36191713904047473,30.46618047998347,83.96792982653947,CO
26.319178259956942,61.156595891062764,5.552427851872384,0.0033683794300691234,0.28843474358788435,29.02345592444993,67.7669079933002,CO
42.40774873554036,80.32504729694767,17.267670385786584,0.004470686333524088,0.7080253749884429,29.87700204329502,56.42842443583717,CO
13.936612529083316,92.06181038107964,8.882686073370746,0.006428000988184184,0.3709856436860317,27.78151326202938,56.532062819315954,CO
7.277291629712032,68.83712619832447,14.28199397161736,0.005428187488260408,0.11313918319320179,28.519542777553546,68.85317379728836,CO
16.742138456983007,83.8431276486382,10.29104359223,0.002714059404338754,0.35366810405224247,29.682353579104703,75.83051243175277,CO
45.80703078052355,45.55826580107272,5.310874800424386,0.00603007053441732,0.3770678926368313,29.545143058918143,95.0,CO
38.56335766039751,108.38914100451497,14.770008817466012,0.006302782502611596,0.25270961330394814,30.276907661479804,57.27174785462428,CO
26.447720898899867,67.86591130427242,10.409370696931612,0.009629317133347018,0.019910221111237802,30.058780571123542,48.87284128810349,CO
22.9210220131585,107.22376492418415,10.321400095477314,0.002844510444141388,0.19270444361100475,30.038793246804026,57.69633368282864,CO
33.246878843729625,81.13929599759534,6.741998261970915,0.009287888178650651,0.3950878533477017,21.924572240027178,66.86454314769428,CO
20.073203028474182,101.3108333699056,6.037396307836497,0.004770527117066202,0.3757480918470686,30.597265582510364,52.997035929442234,CO
24.982481462385774,68.12636722097609,6.733353837131441,0.008530908480562194,0.3607472566441433,24.217348136994865,74.17861947054776,CO
61.8323429551895,105.81163151377868,2.4031501702299334,0.0040315318542674975,0.4900366723779934,25.876991603143658,69.43819428146229,CO
41.61951080144005,56.82673821054793,9.702373219691,0.0,0.1463418537998565,27.242295545820518,52.52216818035151,CO
54.486169558974524,44.24646555098418,7.799777566515081,0.0052614811545721825,0.5161909933599174,23.69241354646168,76.63163752154959,CO
30.153495915293806,55.46228372380123,12.310517371316354,0.00539811939114694,0.2099674684261808,28.209406254970055,61.1468640313824,CO
31.70276017876872,96.55326686302617,17.93008408072676,0.002524369002346302,0.61995500619844,22.143736601432494,63.482149049644164,CO
38.82475809726865,87.02479669337582,6.886502400897031,0.00458375549928545,0.22604985980117506,26.231905729167366,73.49602097021025,CO
35.35523228947571,62.677260118483645,14.497999377166254,0.005614599041753219,0.421929317825844,29.888886525770836,56.710049890779274,CO
21.597284397045456,98.68234012808155,13.051851327167324,0.004958196812071704,0.3175991074963173,31.832994687365275,59.0842861116417,CO
38.20646071755057,74.94518368915264,8.911593983863899,0.00719755370397438,0.42381245234820447,30.440528908001916,78.05478807154329,CO
30.315057624491384,97.0488242823741,8.44866621703272,0.005648332704976884,0.28047854184484733,28.290987894978155,70.95157025436913,CO
17.72668975149791,132.3096818921365,4.96991309250149,0.0025716227744245358,0.47371663102501016,30.37498808188881,71.24119817052156,CO
39.4251826389642,79.69383067882714,5.513728142570843,0.005151609116387453,0.19842574327318324,30.925359200253254,63.52942618497861,CO
17.617542048112327,71.96535395867517,12.064657271378122,0.0038725508943920506,0.17666694066503527,28.731061634475736,67.44966571108722,CO
22.395852369433054,68.22404235954193,11.160249686788182,0.0021038313170053517,0.08888043384351671,25.844667336242694,62.86552848288153,CO
34.66361348397007,116.88390542373881,14.288298116010097,0.004680122940073146,0.29714756881459664,24.992411906086573,64.8148686400761,CO
25.670120416197925,88.06796400845224,5.863845282238385,0.0060386930284823444,0.5299108369503867,27.67371955462943,69.01711722098942,CO
40.352159875666686,69.9694882028541,11.120462409052084,0.00502518480156359,0.3146514147823247,25.6809706484336,65.24510174258943,CO
37.46997436868175,116.27859019487605,14.796354130426035,0.009306364915023114,0.18489786556679255,30.616961910162033,66.83342005738352,CO
62.847043998265086,59.79254286612121,5.80139078909612,0.0038012147091119556,0.0,26.422734934957717,57.40867338446302,CO
32.25590679714311,88.54389939442899,19.380854196079433,0.006900847676372101,0.21346445165063954,25.304755985954927,69.91919171506505,CO
10.196501894690368,125.78646914635884,15.897200603606436,0.00406164869579059,0.0430298206363684,32.06161712249624,63.85460154747382,CO
48.56724467960193,40.13930853014082,7.003124885231136,0.005010487399436366,0.3070470890647113,26.649803585562267,71.22849932347499,CO
13.985693559261083,76.44051287446766,10.601478158559495,0.006028877668117498,0.40674223171333346,24.626073724486393,49.65885829264378,CO
49.16515232847763,88.30785029948979,6.257567317217232,0.008102303951045046,0.3173511951439288,31.53789155219148,65.67518481410109,CO
60.91121887322981,123.8835210610801,8.755179257604633,0.006943141901908711,0.3968063924377721,32.105894672597046,55.35076539419896,CO
40.29077189997659,106.46061217123969,1.2063025678844284,0.00263348297466845,0.0,27.191779496666328,72.17542255795962,CO
52.53535578144042,81.85236951049438,18.143077727856458,0.002239797083570217,0.044492634096726824,27.833356903310143,68.84065448939307,CO
29.509578778588605,28.313947499003085,9.554399802436057,0.0023910609989902937,0.40045088232450576,29.099794738290544,55.60120213672645,CO
22.291996239949597,53.51966195277621,9.68660451363414,0.006910284641002477,0.15214109304966844,29.512139546553534,59.69742381627559,CO
18.106907516064837,77.32424100113606,4.82378838790313,0.003892701389305636,0.12031831611167274,33.89417539874917,65.35263551971728,CO
19.504117380111218,85.34949776835555,9.438359751545851,0.004558060800933554,0.39212500500651376,30.272523130141916,59.69498852389472,CO
21.362726390329797,73.1237075712089,0.0,0.0019696178756028956,0.5050311401166787,32.93490314050385,62.50963960443622,CO
38.648354445836496,87.7812538635884,25.39440404227619,0.007239149822869153,0.280812361277885,25.133378678198724,48.93553679742428,CO
33.051954538008346,61.09123136789242,2.888731452011629,0.003706854231514947,0.13776779945784076,33.06142490521769,73.81639756949451,CO
29.88041038025074,116.99860347225064,10.386841538238091,0.003277431597343473,0.5284686115904486,29.616730131053977,54.62753845673544,CO
27.144919828745877,58.10954366538107,3.0860013451783193,0.006852355095063283,0.5864124960705195,23.804297278542577,70.62969236690572,CO
20.240361463172597,67.8218654058826,7.038030378805654,0.003272018460640368,0.30727824419172406,25.507149650766888,67.70456825779839,CO
29.246428358262946,74.02629882833976,5.46218168979201,0.0038464573388633347,0.4133086838738634,29.502751562873144,55.22444755201449,CO
31.48998458143839,98.78467808429473,1.652973594393142,0.00608672038475987,0.20060643615812299,29.711796005779476,57.367408434574834,CO
2.926768490032213,39.31143905292093,10.24042473330691,0.005519445003442964,0.1643525062343387,29.915777376332123,48.3847993773104,CO
29.00880302029025,49.72459500593858,6.740819460989204,0.005094797342632828,0.17093799520740713,26.846333367310525,75.0629280921444,CO
21.34662195715277,100.89230280162855,4.3514657267119095,0.006059608355830566,0.5162352930986851,20.585066499618133,57.03104744529523,CO
38.6560819077081,74.92386534892518,11.855729366856544,0.003792029626568359,0.31298846812093495,27.53296829382376,76.67782061659807,CO
33.816312649518196,88.44006655188005,7.940615169387663,0.004024787551855013,0.23511627182705686,29.18335642713489,60.79015519179737,CO
34.34662285344619,131.88501996613599,14.355623517158461,0.004347952935664318,0.48018208832459175,26.775773880935347,44.61875464822146,CO
14.878705336238939,33.230201974353605,8.242432579793457,0.005036836758379104,0.5514655968412924,28.98078212129249,62.80899471191136,CO
42.441083717752335,24.721617274802874,11.17807279054283,0.0065417303877739336,0.07821206313302376,31.431262129620787,68.38496407494414,CO
23.770681291487982,95.81954665265712,21.35346428902198,0.005363732510116991,0.3372330879450504,26.621917301379266,56.50155630535208,CO
42.455037248163684,58.59790435227832,10.357831186096963,0.004044685106469766,0.37184697386195875,29.000986315860846,75.375399442579,CO
22.349754017178796,73.25312661766571,5.106181421088463,0.004111413479847777,0.3565950739567278,30.270965849936054,55.77834675822375,CO
43.044088801584905,113.89094647012377,12.067174516118504,0.008753591625116132,0.18393162013446404,24.266035890065748,47.212797510957216,CO
52.440664672337746,96.35914140885144,9.722076645447725,0.005559937252639641,0.13117664290524353,35.337255938850475,66.29221181975228,CO
31.640921919073392,98.14416559746729,12.405046158683566,0.005447768048558263,0.1814288316832032,29.414405071407987,83.82024496475034,CO
50.18130069232467,119.82966566598492,7.443921617844074,0.0030207903594828382,0.28113196198505275,28.167174736866084,75.94191518470949,CO
4.61303055427771,118.23875798651534,9.209960507105054,0.00414623786010516,0.14818434371097486,23.03542998440269,73.23170583961914,CO
31.099769507826057,47.75097750647365,3.5246061396819197,0.004328430601419743,0.550353228793409,27.221225945909186,49.96857046881894,CO
26.313854038710836,73.18191075630824,0.0,0.004891410266964376,0.2653598204686983,30.088619094440254,83.48956094945345,CO
46.89847544321636,73.27778273612924,4.467370456291649,0.01014671960649972,0.3088827651021732,28.041787875738837,64.75874912889996,CO
32.971271411517826,76.39098970190143,7.131689965598818,0.003906282117519215,0.29508700946760025,26.369725686598706,57.871542173228356,CO
31.596453415378452,73.62556956447862,17.519964942913443,0.0,0.46372602778836924,31.738255577492886,44.2660976759185,CO
24.859686088794767,70.71397835010521,2.9624415264108936,0.0034443666248182496,0.13341362318012567,33.25681133027087,74.35678393147461,CO
49.07332642491238,98.04180160108088,4.354741143913854,0.003950959467440453,0.3734061841841877,24.333616573324164,72.12998430172388,CO
26.395119027627974,70.62947981126007,13.554799841017457,0.00588852662297208,0.245855075127138,31.477989410092743,54.189366724001026,CO
39.239034104163956,94.8275314492096,8.452267803430049,0.005652266044484236,0.11233296354220454,30.772081057620703,63.15097863557011,CO
22.159154692214408,106.22523064592224,6.478281547286204,0.0021830774072728806,0.06650562397141443,29.81802985403692,52.19570647503717,CO
56.32191272976547,27.95176480290695,18.48228184145019,0.005422034934405237,0.28549303321944114,26.36524273957315,68.9913611435207,CO
29.435479463627274,107.58254705041304,10.571138243310198,0.005300603522923756,0.2454581681679216,27.829163128836797,68.0780176889206,CO
4.347474110150618,46.29536444735717,13.716320470113574,0.005341730876255884,0.2724024995470981,28.05530179919618,68.47581705361671,CO
21.903604795359577,60.542381864942186,10.979226275488408,0.003043254444769936,0.36123791335717076,22.89224918728648,75.29155637325644,CO
37.08896223619564,86.40074335784689,14.91345491972757,0.008330948888925153,0.45215550975271956,22.477377306005064,52.204230332642986,CO
20.627721334564818,80.65227625527085,12.588295102345615,0.003548512373693069,0.32801501467156174,25.73385120294003,58.884821970080516,CO
8.900083547276665,56.9191688472274,3.241576971918332,0.0030482534940453345,0.4580462694911759,25.15180333350417,91.32382064837391,CO
37.39976851321334,84.62090309237185,5.7082110990939325,0.006400619758817983,0.2136543260643339,28.366029443936085,90.60084538268795,CO
28.55910150413025,108.73183315714189,6.484117874370563,0.004930023019006077,0.5656200953453265,26.119098826636698,83.12448557996929,CO
40.616279031832136,65.9383306026433,13.162038695277605,0.00694510889925346,0.39327149433257946,23.28932584032863,57.728628241751316,CO
26.28722046672743,78.13916427249885,13.10336048775339,0.005355402001866507,0.0996983461934848,29.14059355301789,71.10585745283824,CO
38.396856718965594,107.01951813886555,14.16961077274452,0.005918360158456874,0.28947514328120294,23.017117199452024,69.29618219132585,CO
33.115315307446664,86.78947092988433,3.616257120898453,0.0028378869191834754,0.4579729279999355,27.881334538430036,71.81500697372624,CO
30.424775641956916,80.74390348739362,14.691419029879988,0.0039679105435652525,0.3144181165411475,26.613174133884872,60.65503772567684,CO
25.36241814797041,85.55334429084282,7.606256891682613,0.007511512251147042,0.1658089046670744,27.43938506751592,60.60268941725825,CO
51.704668265306,84.91386941278937,15.159222697343175,0.002028879253926056,0.34005753988038884,30.66889238687031,65.82283989275425,CO
45.98220562598027,67.0677887474907,17.0467372009279,0.009597796247238501,0.24557421593405113,26.663492435797686,79.533844771177,CO
53.693582185960686,66.92849932116829,7.899065914520714,0.004436430782278985,0.09833242334485845,25.244044160547404,54.95859233247932,CO
18.483036523438074,79.13287781533047,11.171073662682604,0.008101000985628154,0.15024689388918136,30.95296719542975,62.86011155774491,CO
29.258044355213507,96.8704873041651,4.386389892188507,0.005764819492368101,0.3249678312319584,29.47735379202445,67.89168643907819,CO
66.82950209866341,64.0565003937171,7.345015224990911,0.0037537189471504714,0.21667843212596177,26.087838618080447,76.89016531107552,CO
51.30756371984782,65.7313426562631,5.8382221344788565,0.0059428311127728084,0.2171665433578543,29.898795453266533,67.029230208513,CO
7.263838275041522,118.68763003325154,18.97938836547761,0.0037744226190312277,0.24184476600960236,28.857596172174716,68.34456789987026,CO
39.878164090092454,130.25511346915874,9.115263862529753,0.003403405510923093,0.0931021157978209,25.80720988017424,64.66873027126204,CO
56.918367952766815,67.05971752409572,11.118939758194493,0.004967154207854496,0.4782589910172126,35.58079727762087,59.69131227079679,CO
22.658408362226666,106.1040219267268,13.409457448131556,0.008693414651472067,0.3875892277988946,26.922123727638823,70.9065483069231,CO
46.63055370874362,100.5120545299341,12.536370155536488,0.0071333493791783074,0.47539433856685087,32.146476973112584,71.48709887589642,CO
27.493228795247184,83.66784216083308,16.032544832541785,0.0033661286580255276,0.35530099633093515,26.819983563017917,65.28744822934817,CO
49.176777939109485,84.77747670049759,10.232182740780743,0.0022802877180401614,0.4119380349040831,29.936452543423226,86.6325472330546,CO
25.383326475704987,85.47875819159847,11.246918418553776,0.008154906559526949,0.2857056701419572,28.83706457731102,71.0789650971654,CO
32.79913684734537,68.83915963623679,10.970449964491538,0.0071472634997195444,0.14602270508834095,28.398909022440627,57.99879185060827,CO
47.92569943387264,41.92032738040563,7.205390763642058,0.005754423750129042,0.534828604385151,27.802749216781038,59.44800473306802,CO
58.21735604160885,43.7996524895939,0.0,0.005880028900106665,0.2246918663471083,24.93630154860786,72.08356447299353,CO
33.65701070656798,65.89803423158179,3.5984780066455277,0.00674491465656029,0.39753017669379914,27.70247240866185,83.46636996047665,CO
13.948728505107713,41.86187072688153,6.540459650593778,0.004908827967289004,0.33650091739840376,27.27629182643101,68.52055396514297,CO
11.226908637143339,116.09411510183148,9.589244108037157,0.0072345916631762555,0.3514088019566556,29.37025965746135,70.69767280232205,CO
36.715628400259725,96.0680689966886,16.645762650662157,0.0053930423394029404,0.4063505636382768,27.73079291713832,79.40117215449473,CO
19.854115469110955,125.02351082277039,9.799210246778284,0.0021384497957639037,0.3192156622366184,25.95684502757536,73.40643548988724,CO
20.210640310464136,68.8454141696305,0.552296345272346,0.0040953873615018465,0.0,23.24829152954283,72.60414656144297,CO
41.787002379762484,90.63643904462413,5.165119284353935,0.0049045772877160405,0.2994596191364147,24.52490593242237,80.0339830176715,CO
43.16043435863507,74.47589565425841,10.134429194972654,0.005416765615895105,0.0,27.25846785243821,58.180157520022014,CO
14.975699851576268,72.97249267785112,18.988432634247612,0.00628168572253402,0.21432315153258047,29.717748344068475,78.99355436586002,CO
43.869505243691535,81.49075924800435,6.7653161114721305,0.00639644662722718,0.35902280781326246,30.685579660083196,71.35171801681969,CO
45.743290729790026,66.6191197109858,16.586970328171628,0.005395199209384799,0.6112891308937898,25.932436545731296,82.3596380316525,CO
32.96866175193972,63.71454990963879,7.5805708297283925,0.00435930538361136,0.36362489196028747,29.5685064641065,59.26299996061421,CO
29.634681116085257,133.55675896529658,18.637715850503557,0.005872647339348064,0.30570052172523005,28.360093980154783,71.13517972730416,CO
14.658111522023917,73.56558656441638,1.6570796306120528,0.005798446245210559,0.3970793909554111,26.550440613101877,80.73986763290033,CO
11.613515054964882,43.390627994754496,11.12225909279986,0.007094196605224309,0.5525891537186802,26.62334721139318,75.78680833431295,CO
29.42237295748939,75.68431750147951,14.418299687433361,0.006304645756826839,0.0635411764523626,32.42962104917768,78.80091354147451,CO
149.95498387923766,11.979017667187046,9.976120745130956,0.0045213475316478145,0.144969484615458,25.985129896185846,64.74445929008554,LPG
293.81832154074914,12.718000772972161,6.517542671655576,0.00554339742129669,0.0,31.44629710111631,47.60286221221901,LPG
171.00472468774942,4.401650526869281,2.821274097116377,0.006321653574757039,0.15322987986881087,29.039511645192146,64.53079421120816,LPG
238.16326617784972,10.384109455301276,2.8680311032457215,0.005992533638894281,0.15062434168386876,23.330254304020748,60.718848390340874,LPG
320.06078325074486,14.251108710567465,6.605391462368563,0.0033014845913631424,0.16783649487826174,34.23024395068252,68.81935452231554,LPG
234.40333177528558,15.151417270159211,8.955156636106054,0.003481915708358594,0.18036501509150218,27.785196221757808,64.62777763490159,LPG
258.2103634909584,10.259729429036497,10.930560308862317,0.0038385668397828356,0.20786351903160907,22.005397946403676,74.16327674702481,LPG
227.71907807183942,14.99005054929826,0.0,0.008176749409561455,0.18604103718448264,31.32454845021255,54.60094072874469,LPG
249.02191240500557,4.732922184131719,5.504924157216779,0.007828062707733573,0.18093175992366534,28.65229861953917,73.70067730688754,LPG
239.65455103780837,10.752094525717883,9.459844009864902,0.00880683117047655,0.19423812029664148,28.603297140144903,75.50654396007612,LPG
288.4420746366387,15.935151527801901,10.554920888116738,0.0017139901745390328,0.36334315323010963,24.560963820943936,68.02635465239034,LPG
139.65793199845137,9.679308267035037,9.315049641213921,0.004642714430900546,0.2421920754235285,32.84113380717594,69.5353430151398,LPG
180.4674691767481,14.820435841441785,12.757881955698561,0.001544784369726015,0.25974000698498584,30.103518226932696,62.02436496640008,LPG
310.05654506492954,9.249722064837366,8.502305813886169,0.003653856351432261,0.20155790475814678,24.711174739314394,50.59949117405706,LPG
327.56040505799774,5.765193258408361,4.034430602174771,0.0,0.1361038252310498,24.030730619777504,81.4201516013637,LPG
280.78536714741074,6.559248274111381,17.009743221377235,0.005963530973983189,0.16751686164913776,20.501782855379282,87.90942572590743,LPG
88.83420265891232,1.7730062652155407,12.090281728038562,0.008879504812678546,0.33842728185105186,29.691727360157078,70.94754341665286,LPG
268.2732447024246,13.794642948933825,9.124765695877503,0.004208402207903752,0.19374068721004778,25.73810623339997,62.19324923133226,LPG
64.56345486436916,9.508301866026251,4.04563557139633,0.0017928213655684583,0.21798941511534786,32.1760068590338,74.18316606002313,LPG
74.35995171014584,5.051859317148312,11.763084751952864,0.002035025212923381,0.17753668500029754,29.650156297073657,55.31655545136365,LPG
208.43004049167678,3.3298725254089776,5.594529424195145,0.004639563868285074,0.04070062664683308,29.321424213881198,64.80362201073319,LPG
244.1991963533718,11.119570670323307,13.456561719895376,0.004250449005295815,0.15705944588747472,28.36689250909685,70.43298029036387,LPG
203.90880562605633,10.202958456019411,5.192033248772979,0.002674198164898104,0.05973947282003064,33.24873022956082,52.56136764608715,LPG
144.56758417632741,6.407963672154013,11.579697507777766,0.0034101006434159448,0.3247742072673734,25.979528127268395,67.78994162223802,LPG
133.17223573921942,20.72574563886694,3.249606323881949,0.004619641420454055,0.2633776880932099,29.241397292354495,63.147123411222914,LPG
189.6143440213259,10.219057359895547,7.411991993486046,0.005927758233589819,0.42105230015913514,26.3275246449765,51.301970204209226,LPG
192.9374361318996,22.898546688271594,4.785301728121077,0.0072782336108881355,0.3677700814076441,26.339235274876017,70.68983079185276,LPG
330.271729850283,8.104361295062564,7.185678559590553,0.0028366381721027126,0.09852432693071332,26.052167364801978,52.760597332377436,LPG
202.72667746073807,6.150133844706791,8.935143647162992,0.0008882087075927454,0.23308802322144573,30.500586884826774,45.062643574285445,LPG
229.92452558780576,16.13834496236646,3.1614359252351782,0.007345144773675406,0.24190190093660452,25.88496443272477,64.44230922342294,LPG
244.6661530017378,10.380026957062057,10.155023969785477,0.0021586528138412674,0.21693608240360782,23.75885650928506,63.887739386513,LPG
127.68738868281682,6.322350287051167,12.94437270084175,0.006182620241188538,0.26091381209071773,24.723061705982264,61.83591550305198,LPG
297.04781599833467,10.708584568199523,17.27731815992678,0.004786635678788744,0.2192049116490032,27.072650607392497,66.33540904782282,LPG
187.8024130895565,13.540543383442952,11.826809267178337,0.002428021078984101,0.06687670464422221,22.49138388069011,70.07991326912544,LPG
111.73067150609012,0.0,9.554314418123857,0.00898599903486558,0.19939290884601069,30.515472323354928,65.81829358547564,LPG
192.0888277447086,14.595382414938843,6.838901823245394,0.004534784628143806,0.23216978061960136,25.995728639070855,74.92042349536523,LPG
186.0032194643673,6.221274202535776,10.146039374281614,0.0022030640364179253,0.20281811573691283,27.97264301006739,75.85895565831578,LPG
237.97585863039623,9.874865206274281,11.271065196801148,0.006780415098034627,0.25578103063518626,28.03105785953014,51.8816376764984,LPG
114.7909069539702,8.473876478226662,5.561951191362867,0.003626057394029108,0.20566499248971074,29.589078263070192,64.29501221940909,LPG
238.92013150609614,10.322372074050602,0.0981337345845148,0.0021213292123624912,0.18559124442783848,24.370915771476678,70.99928729996205,LPG
322.4600665874958,16.093809258486584,7.146228516279168,0.006981452273699904,0.21486674572021117,26.988742086645882,58.8659733645906,LPG
175.80242508094972,8.059115907293856,8.68166488950195,0.004321147962099729,0.20030460201534145,29.310814509239048,76.90646274786342,LPG
275.9643308353059,2.5755101577504824,0.0,0.005868639822478547,0.06331213015845791,27.32570379432195,53.298869739406406,LPG
55.84156499359841,12.70731364102394,11.036620641210588,0.0028469791985465615,0.0,26.361266655242552,68.91804005402547,LPG
81.6870744980697,10.916799598895778,7.938760603308018,0.005158582999202177,0.21195803684141534,25.080793177355332,76.96571501664491,LPG
187.3176341578424,9.86347730245034,4.266928163707216,0.003113435497616979,0.11151972859730991,27.48116182022973,82.11708480142343,LPG
90.24790856549149,1.9321930106162952,13.884681309974434,0.0035813526456962676,0.13309272613400835,31.11971406218823,58.94384460263136,LPG
346.0807770837549,13.389629356696346,6.04835436741719,0.008314616426531007,0.13942850769966617,30.22628611602792,67.99292580406492,LPG
304.13930315190385,17.807555983634263,8.128016596263066,0.002493164259307633,0.24599721429391166,25.966853890743682,85.13387247526623,LPG
210.922826486619,8.173392243439457,8.738721223459633,0.001305747420940607,0.10283859614893485,31.601241723833276,58.43105721028604,LPG
116.24712138544483,12.68326376263643,12.742816618651988,0.005437906621330133,0.29960476858058166,25.729614734291616,50.78189333258156,LPG
320.10669215643895,8.386600805789321,6.99666793417981,0.006656388283698116,0.255623000940066,29.367663316244823,86.65002344901083,LPG
148.51854156958856,14.639200640406186,8.228052499588339,0.004537184557726514,0.3528468426412532,29.523507268868872,70.38296079049633,LPG
285.80058698478416,8.175236352285573,4.6431613306439745,0.0019103816119579327,0.0033643410623998282,34.16862138982097,53.96791634278317,LPG
182.29971011313825,8.615933500555396,9.229626791236402,0.005631474425078594,0.28604734883597455,26.250767684293184,63.32878286213589,LPG
222.60639603906398,8.756544369082265,14.42938230407997,0.0049819499032765025,0.27348777860498175,29.988643806002237,76.73473857485325,LPG
214.48172469629657,3.5158402602207675,9.598751807010567,0.002697286212416342,0.14713833182502434,29.75909205626528,77.38283071433636,LPG
201.70172613888494,11.54416506299482,14.808859778540953,0.004481506358977137,0.4601683114180395,29.696528936894634,47.39237240844182,LPG
260.2673296883626,11.905791924413888,13.159011016330982,0.005346362702539917,0.18615440160162264,24.327105291131904,62.90976742713975,LPG
131.958363663256,7.0973827509763865,10.354313617682438,0.007339809008702813,0.23946715298229812,24.41235081389445,69.4460266822014,LPG
295.7305189316521,6.951085478403089,7.463931333308329,0.004029376389458395,0.121510168691776,29.94484130153158,63.79051851392219,LPG
233.5625955125622,5.5625391109894995,6.250166798706358,0.005444762715655542,0.1627166847908233,33.180891553700214,61.003638143853976,LPG
217.97477806015087,14.66295415936545,2.326537068267873,0.00047838237603844806,0.04743436854299052,31.787752310281547,59.481418541075534,LPG
404.65594285346015,7.1787620067130575,8.738205212788149,0.007084219905135752,0.4006092888159123,34.18451072990919,77.08366230593143,LPG
281.925002064917,12.962634746005914,11.113444304666551,0.0028976285673429332,0.11818011165776929,27.989876627767146,63.298153774750716,LPG
163.741756053818,13.481937237283576,11.821220834282043,0.004176813772583695,0.34775300810552623,24.574932657599483,63.06340540720282,LPG
142.6542143517756,0.6673169146347,7.669277256629203,0.003756504983233433,0.35134497432421313,29.892435053664332,54.758131756707954,LPG
348.32740530673505,16.105168477626766,10.328390813874464,0.0035470318023003364,0.10405607632765203,26.88337967178684,75.88748619704185,LPG
350.7669044747687,17.716217641360945,6.044602312854904,0.0017607651334219775,0.21408862469112042,22.694681903311444,68.23167714184781,LPG
188.1917930961065,7.669817490658788,1.6211877309328182,0.005027200213139433,0.14672991603380886,24.490249492869136,36.2773778671835,LPG
197.79880759594909,18.86125798334872,14.64503685819148,0.0030858074868274563,0.13977879396382195,29.40632276822507,55.016145608117085,LPG
224.14335198555727,13.830401391923452,12.90773289553723,0.0037996918470400943,0.17963262498230342,25.366052239730315,56.7311964596014,LPG
181.88168864787787,11.836827534080891,11.654338504932998,0.0023936420986393103,0.3492688568959522,27.186629196872293,64.78632705651565,LPG
140.22306566817412,0.0,11.536181585444199,0.005473687794184867,0.17186724428817868,28.200972151674616,70.159392177041,LPG
74.99633144907659,7.354736613268527,11.17705871848731,0.0014914211536615012,0.22935579321666294,23.930254586129784,69.66429982433526,LPG
197.14868141620133,1.9243409204724529,12.658957417828685,0.002530816846403902,0.11897475629856191,28.60170759169283,76.48637349428715,LPG
118.73425448172824,10.308399249239859,9.715266001322291,0.005386211214526288,0.21764415552772254,26.89891648275003,56.724097793512804,LPG
206.89151064370998,4.639304940071965,0.0,0.004873119608315336,0.29039348410861954,20.911202693374484,54.90269295290062,LPG
249.53234088041583,20.287477348558493,8.083174830701632,0.002543994117541731,0.181710355889516,32.12462925744455,58.54035820875465,LPG
136.0646394679797,7.586282389089838,4.186685566965151,0.004245340631989591,0.36246784584695607,28.969237819348088,62.47646497873713,LPG
176.65509848675646,2.184045956516715,11.532439108588637,0.003844325605974396,0.18195200864093744,37.57932270353459,67.98752908365687,LPG
139.85671599238526,7.868212018972283,12.59378283678702,0.004226540821075529,0.056172202168263324,30.757686803725612,58.31855914461006,LPG
349.8638220974036,15.400240328573243,6.210712417364995,0.006562032723470225,0.20678555105274035,30.55832102536666,69.84732817294474,LPG
132.29146760073013,6.78225083841269,12.119843270324644,0.0033304493357869183,0.15963515367580033,25.134632261951943,69.23599065593461,LPG
365.00199353945163,4.662335428728635,8.096877826691033,0.006824441110830859,0.1920358608754285,29.3571153887492,54.376064718531204,LPG
234.2645677766119,9.064278674977256,11.942919982719452,0.006374772103129502,0.4589563642018614,29.738899519640725,68.25796316582166,LPG
215.55074412618688,8.234168535946559,9.353935373846765,0.0034091971797219414,0.21684609762696144,31.952792606823877,54.934574347203586,LPG
291.1902848903236,16.58557533669933,7.527725892035685,0.0,0.13921780129055678,31.890983639683327,64.77131937701118,LPG
120.05582141640714,7.476125393858913,11.362480106018213,0.005093467136402759,0.17610679008303057,26.899526764555937,61.08241850956178,LPG
126.2071852401198,18.07687844734721,6.71071812315464,0.006434317041650994,0.3521316051922452,30.994932694443882,60.683796872819514,LPG
232.29840722692876,9.87902196804542,4.385192557079487,0.004648718563443206,0.08209602088401975,31.56303816538469,60.35382702701607,LPG
216.09277246982714,11.416439357730711,6.96438010518369,0.0051733876029505495,0.15250963433774756,30.613891892371733,51.54020319753251,LPG
210.11036636371296,19.694644995291423,3.998674701577701,0.002644510058950297,0.2513907849658915,28.538745345818793,68.50630099273559,LPG
239.13497041181307,13.17360734280885,12.438799367824892,0.004819637313857025,0.17587423453814577,30.017721103608196,83.99881934895215,LPG
189.38930028939413,5.1273534766467925,12.428322677147891,0.0037592376720928036,0.0,30.542265031451265,59.64671814046077,LPG
192.75733741566714,11.659901652845072,8.761998719116265,0.005418903634278079,0.15645136294301568,29.539317394528247,62.40453322416083,LPG
259.1048384710002,13.076837420065267,4.258245191821619,0.006171964232350065,0.1464036554885952,30.424173394843436,68.6728731340134,LPG
347.0546941436098,8.882670088140738,6.60273281552721,0.003961160788224535,0.16968202171657246,30.39982570582615,48.83689391563412,LPG
115.70540646829167,4.660985392104035,11.801230367894302,0.00742122674516385,0.18955507814625286,27.49353483042997,65.70052163113182,LPG
292.95026420865526,5.363234329047129,8.95347593093914,0.00595039525956486,0.25010941699398453,28.56874484979623,75.01046092567141,LPG
0.0,13.389376597654538,5.383697267490305,0.0003387342062870862,0.2511202599524981,32.120975635488875,63.62551485372308,LPG
276.2299637762351,18.061391289943227,13.25965781433619,0.007279929058742786,0.27421274910718924,28.22630091670478,48.980341881028316,LPG
180.3150009496041,5.783767023419041,16.683770869991257,0.0036482283751353268,0.21232048067844858,29.654456128121403,65.43602446372454,LPG
335.60408323446023,6.88675319132774,8.77842982094897,0.0025150588286039035,0.06799774887792942,26.164692727284145,64.62963202951588,LPG
165.6558220386192,6.53789510063072,2.3747301453126646,0.0038337888547426103,0.04952796259689979,30.280167891068807,65.82439752934503,LPG
83.39588004280556,8.453954614750682,4.991374377637667,0.0046383490208383605,0.33404504460231443,22.374482591062765,66.15026079147417,LPG
187.18937635466878,13.356700382252328,8.852786512950757,0.002496061336522362,0.16809460643333818,25.611922429589534,75.76007138598598,LPG
201.70493189375537,19.50595342876504,7.757356744741517,0.0025831864661790744,0.0486285607387173,22.590580971232164,49.158640569945106,LPG
221.37013208091867,12.54362511614967,1.6752371918714664,0.0057900766281522315,0.15169389483165607,28.44037903595665,81.12220628255425,LPG
271.74714526924254,8.657346760470839,4.43523109833885,0.0,0.128084668075758,27.366609283516915,55.12820472848816,LPG
189.49944263261563,10.38425941479384,7.100576072767685,0.0026999948383530804,0.21686546719667277,29.325821948708228,54.096009225571535,LPG
312.8745903797016,9.507059338578692,8.07539849177939,0.005416428846513114,0.22332161312635018,30.859409901739735,67.87124165201824,LPG
151.00501002876496,11.807517626030508,3.425095170717353,0.004217119411553046,0.19667700093555393,27.37564942818238,63.71462488561069,LPG
49.45207636018887,7.2563754612951925,8.371379604564458,0.004319712783994801,0.09723248590740419,31.797123522594102,56.33825151785499,LPG
277.55657604213894,12.135971809358423,5.415090760624787,0.007550621785219024,0.080636316824352,30.757462520830003,75.00582318042979,LPG
146.3503832738684,16.962326500321645,6.999813941604189,0.004577387258559714,0.2260321838771221,27.597073775588356,73.10808273159782,LPG
263.47909764417705,1.2573401338090964,13.21736097151261,0.0006750160239286512,0.30325462043416573,31.38011541048275,54.09033569784802,LPG
167.1348569636332,4.471476657570321,7.140315878845058,0.0033839314316285174,0.277966053226934,31.930926238358825,78.95683810789956,LPG
155.02655787373584,8.95389063127736,1.266247231116199,0.0023882598670076226,0.2964851633097458,32.8467484706447,52.65651128120078,LPG
152.60285926776845,9.867971215205365,9.120644635278428,0.0023807929601567077,0.24240610444640898,26.57848195878725,64.85547729121721,LPG
243.70273984029598,10.03211134905469,6.254456437893726,0.003780780392148338,0.19116370407946648,26.889966910353618,62.41203937332897,LPG
327.8917736403773,12.804597239706194,6.818078727883359,0.0053939088090214716,0.16661805102439903,31.519373912759924,68.69642192198094,LPG
191.41582847966168,12.238584629051388,1.7164953917260029,0.0017464650621803893,0.08060749936009447,28.42882928429112,82.32514999485092,LPG
378.50401169541055,13.190255507203785,10.003377899777828,0.000397884531694522,0.14573262002659784,25.636648744275284,58.79152401748884,LPG
186.54849451321684,7.639547111514363,0.08280075849684909,0.005495820512235068,0.09272569742601935,28.71774059233345,85.74082669749973,LPG
126.44923267308613,0.0,6.8559831124795565,0.006201919269997143,0.39583474542205943,24.31135121664275,69.96699223236521,LPG
162.77516345759574,9.470258228479322,18.57737338806814,0.0009940593432096936,0.22537396614945737,29.403079515296298,75.85786324939347,LPG
207.83865227767163,11.540252697520511,6.433405730312836,0.0045382538824902145,0.16568077245025897,29.864715669568152,61.30389663956366,LPG
230.1680315121749,9.853685931575109,12.504201003088673,0.0038972125528230275,0.022696753179311857,31.785764502141976,55.94267699137381,LPG
147.69869290809442,7.02169352978254,13.49775237268327,0.0,0.5137748533659994,31.168170427198156,67.23238914129159,LPG
195.6084799506971,11.427770374288285,10.084489713517353,0.005290431171900114,0.2555604466003449,28.268742043765748,63.02661579692674,LPG
187.89813730771905,9.025458598236595,12.535080387468259,0.005187113444561724,0.0,29.967702329589283,66.94736194718774,LPG
198.5032994843282,8.057407734555571,12.496450879944053,0.005895052924245716,0.12271223321763909,29.221156861373604,55.28343265458714,LPG
89.63054681688556,6.866413877050174,11.449573889531035,0.005906250090752173,0.2513085420097293,30.17528736054399,70.16178287114958,LPG
148.6814723821638,12.159612723369703,11.20163810091073,0.005508582659627149,0.3188913371474643,30.12491154160319,68.51448207541583,LPG
285.6120190653142,9.867393703754699,4.472501395089129,0.0036738660721124723,0.1255097355193551,25.974465175076855,63.55481329284482,LPG
136.6064063200031,8.460192351804798,0.42554133218485735,0.0044265874147458775,0.20012054753622244,25.54873410679543,71.59245668432405,LPG
275.00561101012465,1.9622006781551296,4.9491008857351435,0.002461715300425404,0.10600968988911354,30.488424525795246,63.06173861227197,LPG
178.83881269515115,0.0,10.541672120836905,0.0015214832102930548,0.20599326302663284,28.832130813874574,78.60658595838652,LPG
95.29436807047104,0.0,8.73539817901478,0.007601022363021707,0.32389463529394374,28.628978245823877,60.08363814367953,LPG
264.56980773098485,5.132269001477657,9.905431077424877,0.005010940318333254,0.306020990749888,36.27898011673324,68.92415967178766,LPG
159.2829099434001,9.872128439040027,0.923696380443527,0.0026105737378218836,0.1590717561886896,26.427734806196224,66.52354872033722,LPG
134.20640540942395,15.605153336622358,8.000828259672788,0.003981399357722772,0.16721052834870823,28.465572051576938,73.25098264667635,LPG
130.62958274312797,6.709417554623717,6.785095884893341,0.0013082581530535703,0.11807421402785023,26.57133737936602,73.74389180712727,LPG
221.004906320154,10.967949556837722,11.403591848671889,0.003725256423201207,0.23904648499288897,27.690334741202513,67.65362349399628,LPG
153.37930739107344,0.0,7.462883351254783,0.00684549627219988,0.29262154022415926,30.896192453773512,77.36130721806218,LPG
207.092607276915,10.986578537027977,5.529392418262599,0.0033678542879459006,0.26157711497711417,31.611653311506448,63.60553724319001,LPG
163.98485881188708,10.002639794282986,10.404826995716459,0.0011122903677329163,0.0,26.34838945152525,52.79287574085841,LPG
159.34878418821512,9.261098405912643,6.187006363907947,0.006904935068941491,0.232674476460232,28.901423078832487,71.22207144043402,LPG
108.89335057753847,15.195558937101342,7.69694285385816,0.005340961234482425,0.09281427669598447,23.338723701951807,73.17889658025028,LPG
18.01127620878013,4.391793782569959,31.955053780879584,0.009376304353244309,0.16211762142653444,32.92801885976789,55.99379265352131,BENZENE
20.107135404867066,6.685526097004061,54.047811466235146,0.0043676579936574225,0.36744141878554115,28.122757526187165,54.978125442185274,BENZENE
20.926594763361006,5.9471457341136595,41.571001269899725,0.003016951876174463,0.0,27.426916712199493,89.12615421612915,BENZENE
21.27683430318419,7.922958481062421,41.05663756187599,0.006067397678436139,0.5094238230350421,24.457561554073465,76.14321694668872,BENZENE
20.723050523529952,10.872742902831739,51.57713608214591,0.00605884997308197,0.534572247193364,29.775442401224133,61.45959289058976,BENZENE
10.411185816824792,8.407425181047946,68.23530227242782,0.0022826787730382972,0.106494946849512,28.49428252370955,65.50887701856018,BENZENE
16.386733314963266,8.975812791634,41.65196618047792,0.010469590315806247,0.07981920430469691,25.51450892565926,63.96745239850953,BENZENE
1.854489510766662,7.2965823822717155,69.92205248592028,0.006062659464887886,0.4461401811437367,24.21950570448226,58.83638591960523,BENZENE
11.998428957408503,6.729139612975064,64.22465692505654,0.007673073182175374,0.17770840861259363,28.739514335296015,69.98221748496785,BENZENE
24.12119230817013,14.322162746273495,29.773587122581972,0.0035674274663689853,0.14848442821707675,27.297940422679055,69.66358374446335,BENZENE
22.898676132712815,7.696195905429909,40.202287151177345,0.006455273976746221,0.2329714196739954,34.26861616508432,48.923389728819416,BENZENE
16.477924631165795,16.09442487691856,45.10199766839997,0.0054298828949955165,0.32851091543791455,27.458824954712778,78.7284847467653,BENZENE
0.0,14.133734805185302,23.640642713247825,0.005200043012296755,0.3141511159402677,29.765659809312158,49.01875648116253,BENZENE
18.697381328655542,16.097238493147408,24.552389931107843,0.006569118502831187,0.26760356444067823,29.277661618579106,65.19147777415752,BENZENE
9.868104727645523,9.951489139484297,72.06522164680115,0.005427288624818104,0.5439515884296364,24.12018112638651,55.43563623181991,BENZENE
18.779250223043018,13.93646411414386,50.3342002317849,0.005060825908430537,0.39985828108467086,24.248776798090848,71.04515326355367,BENZENE
22.058664498587273,6.191638668667679,37.94936778360748,0.006797634688956146,0.3126560527918809,27.801602156122534,85.99721789166516,BENZENE
13.023794394032027,6.566639391915111,35.286872915472614,0.00823257591449981,0.3637551653563794,26.05188088503572,78.21304032273012,BENZENE
26.356824036109096,5.598305737045179,17.001900729590755,0.009022541069510767,0.2630740348479992,30.371876797488305,45.298961822881644,BENZENE
22.140778706394475,3.155312282876875,55.96146178599787,0.006042819203509303,0.20921211612067103,26.77889106121966,71.86318456956701,BENZENE
15.847155624921873,10.337651921889936,74.64660876773229,0.001307275164866846,0.7234425149937248,28.31306781256964,56.01215951676872,BENZENE
4.3574909940880815,7.243518436891866,58.82475167886689,0.005617352638867397,0.7022309860494695,23.646472929845324,64.87911052153946,BENZENE
4.9808524446950475,9.454527530499872,58.30331085145951,0.00473771461895684,0.0,28.596844440389482,69.3673855173351,BENZENE
18.234358039693582,12.943128767288616,28.934194805264266,0.008040648316351349,0.638501502495595,22.66423724798045,68.19651825918977,BENZENE
10.966561351938628,7.673909307593417,50.215147253075045,0.004538314307659343,0.26485838416767765,28.102457252464074,54.12754061137197,BENZENE
6.313398968918516,10.717493131826014,27.768089472620158,0.007998937502727635,0.49251825857079023,22.82257981362821,58.22435347664345,BENZENE
24.55287522437898,4.0753378754412735,38.033936065359185,0.007386182679755689,0.5566781018565191,27.245383341866514,59.02489805308358,BENZENE
26.378958893588063,14.955598655190315,59.68287076172693,0.006255954427695072,0.23834685567181474,25.508666780330305,70.22514105265758,BENZENE
18.34718576710947,13.606394371785719,54.75675138804209,0.001490759094720546,0.6103895235445838,25.005818118056762,61.16028728047648,BENZENE
17.001601650013555,15.982669959135858,91.64877834008041,0.007820169177408548,0.36336067625592244,29.60351694544165,73.87655425873837,BENZENE
12.434658995542467,15.180845423649288,48.45106138787103,0.0074932292672741825,0.5331848504108923,29.264759831843367,73.38940500469613,BENZENE
10.061974507624615,5.766792984215877,28.497686505424575,0.0073185036918606795,0.5557873007024229,29.373318598455658,81.74492433347538,BENZENE
14.955231849367628,10.67496662237005,28.624486857910284,0.004838700892576797,0.5391075515131556,30.547306332229432,62.060330523358175,BENZENE
14.427205985135465,1.9285050132767623,39.64456198790086,0.008671149490559358,0.5150410032213133,29.501997164143628,65.49773687180961,BENZENE
15.056505269025411,5.358715442106211,55.482426303038025,0.00726291883316817,0.49840376959855986,26.42189547199726,43.46657080128756,BENZENE
23.777221694029564,6.084650175966384,32.058363539353195,0.008080436735741981,0.3215974720161741,31.179809152139867,71.17005949576698,BENZENE
20.46855458560382,2.536177155197863,63.179159780796006,0.006783751593701568,0.32614457215075937,28.430165402026752,47.2376476710168,BENZENE
18.269222491845365,3.8825139672717137,24.709945712346983,0.0014329224413463263,0.6225376749979851,26.112209818921635,80.337277099165,BENZENE
10.713588295581618,1.170568169628213,28.252133400770113,0.009707434860020816,0.3688203644126665,26.3551381105282,66.60018225852788,BENZENE
19.01426188934036,12.469595263609843,66.7274884483939,0.0049206940626327425,0.13479046278359236,26.759604516630173,67.60280506582886,BENZENE
7.289928590315113,4.171396340419829,50.15681822324828,0.005854042945288646,0.4065593990823173,25.72451399589979,62.69599285794233,BENZENE
7.606134845853565,11.560793644499148,60.52874002085629,0.0004614364132857181,0.214097827961518,23.510412234729763,58.49976065593102,BENZENE
14.332496241677113,2.2014191212058796,31.172102803120303,0.0029881278837555047,0.44145346587978884,28.20803301110875,57.78262446662747,BENZENE
16.414566977115182,5.813279661650938,40.9251733451092,0.011020356270895612,0.6680922103580695,24.101256289217208,73.29732417879174,BENZENE
21.491172435932736,3.406946844989527,57.28166465632291,0.01061379575523766,0.17549103875111724,25.24749153695721,75.17661466843502,BENZENE
17.171962486605185,10.205905100958093,50.10883824600745,0.007172087762784433,0.1347055743377834,31.141953119864347,76.69589992427774,BENZENE
13.164874047455777,7.82609220074455,22.03338746166417,0.007542764268053505,0.5144114883428288,27.813426949002068,76.24353359870503,BENZENE
12.327382152160476,10.258423703574401,29.705034919618264,0.005929343547377286,0.36512914841943284,28.675923766122825,61.304730711666416,BENZENE
13.948219234626658,11.304188685766025,38.44853644142674,0.0011802686977839625,0.7499167808410842,32.14436223607146,52.07737304894381,BENZENE
20.517662441961555,5.988100917794627,48.952308229965894,0.0068826723870404815,0.35311843993673564,25.64870300324081,58.094589476837406,BENZENE
7.67046467615006,4.672711167078221,43.99232564925967,0.003852720032667745,0.536410413142524,32.46173846600778,59.19946758629957,BENZENE
16.915236004283017,9.998740441211735,52.080034063789114,0.006227865803748262,0.5485364836719445,29.446746858041973,52.62337577672702,BENZENE
21.953248515114186,11.54916334906697,33.550708437321276,0.006113813506342806,0.5366657985622139,27.372058541261914,75.72978047766011,BENZENE
33.91097995695489,4.856055869460071,24.284330952693377,0.006911455786814628,0.5443125010252288,27.307400878465693,79.53260663321035,BENZENE
4.29115360221401,10.771674492126444,35.9120876886166,0.01115813371862189,0.7985030706336237,25.70003023664996,59.5044286409142,BENZENE
21.876703095838415,6.4514774008419415,44.318831731016424,0.006076165261627231,0.016065368760468712,27.95848676171729,58.10272225935826,BENZENE
11.055017420801825,13.774528013875257,26.152396585811154,0.008439615560243932,0.3442074139336383,27.160719494512495,72.90371896051711,BENZENE
17.720410356551124,10.282451988878124,59.52276990799292,0.005006074850450032,0.27755265309844995,24.744548420326606,56.74589470021045,BENZENE
38.592755402469805,12.978718322947147,24.73388450687968,0.00203262612976929,0.49637321234369836,29.6417943921339,70.48883835317365,BENZENE
12.960353651570417,7.498182959988399,49.91819286239036,0.006257679018879992,0.0,27.31060110827442,56.485935657396865,BENZENE
16.401691351268095,19.94103601041364,50.51222498211457,0.005059410941482806,0.5843603003954505,29.44806366162764,69.20094490451841,BENZENE
19.854804745725367,16.226174259318164,28.036673470111264,0.007420896230434364,0.21472377400369233,29.666537939026746,55.81313488513906,BENZENE
11.661065491159325,6.819640343048375,59.63725079017064,0.008755363331827241,0.1508565247107231,28.164802332999546,57.904201452508275,BENZENE
4.931960714597324,7.131931798302518,40.3727581731627,0.013280149459036567,0.48659196507213925,23.86714749773729,59.352259958290574,BENZENE
23.171066363435187,16.3537710914797,21.210250316430624,0.00036022684458286453,0.7741930350743564,29.168842532112713,56.31707268123634,BENZENE
19.27703268897948,0.0,45.050632598957414,0.006983463518529256,0.584854027907566,24.958312143122388,65.8568716140336,BENZENE
7.5966029915233015,9.021535022697268,31.569805164554637,0.0047756974825193385,0.2008369210419542,29.95340872547097,73.58451116656666,BENZENE
13.12303544034069,8.152951979840113,23.271128780496838,0.005100970055979639,0.3899590765916511,35.86237927308993,53.88032974225837,BENZENE
26.7134179100195,11.987435093863231,49.20954606735204,0.011275861452585401,0.4744210945213726,29.167477587003788,64.46879346982455,BENZENE
24.788551059349018,12.385876935243534,35.614840687556814,0.002042258416203698,0.3594038725208686,25.599884306807063,64.36475425384644,BENZENE
24.899505077473115,6.1707933796528405,44.35764928032638,0.0061740682044251856,0.569686176441057,21.259331998046186,58.932997052347034,BENZENE
16.690269538235782,12.800315825707445,37.621463287406925,0.00037034188187437794,0.5239422891932273,26.093912833523113,53.103333409096386,BENZENE
10.005236882294207,7.261898569376601,35.92883003192681,0.0,0.5794132393774265,31.824625123836167,71.51521991339506,BENZENE
5.898514636601467,7.194033864209928,44.90218027155813,0.007796383168685731,0.5336680977436162,25.797478603664512,65.8199555641356,BENZENE
18.65824323692193,13.823289288587066,55.56759809737085,0.008367170062126558,0.4167653255858722,32.23137743561051,69.09762795959497,BENZENE
8.111296718611436,13.613479880500762,55.46854908808541,0.004670867936614554,0.30410140652015133,28.889726635422285,69.63184795267584,BENZENE
16.57833812504965,9.24523469377154,70.49936061864571,0.009214629456704657,0.4381271182530049,30.82393174230245,54.674760964724605,BENZENE
18.183416399574472,15.237225398932441,41.729311569114394,0.0034570982141427457,0.26958222228138784,24.731100887972836,57.15238091872297,BENZENE
12.035935211279767,2.377731923285432,45.234275009244044,0.008706831521359941,0.21844876397061594,32.5578517709253,70.10792088527595,BENZENE
23.24464468499246,5.368661784591452,57.81787840599924,0.002724198298814061,0.5780495001673018,28.515518019380593,70.53251219984784,BENZENE
5.595243155001187,4.419720630893581,53.958423273800776,0.003154955987327398,0.49264125841982465,23.898586580619263,73.48174212666669,BENZENE
5.139813481851927,10.209199750718092,54.38446400469002,0.003909684544711275,0.5164053134169454,28.78132679000067,59.61158143807262,BENZENE
6.931562527390335,0.14949723330968379,50.244750709495406,0.0013055916859138345,0.41906883988826166,27.209655351753252,71.79142775438196,BENZENE
12.583636004081086,6.682208854611634,55.97806056432444,0.007005174087252352,0.46323119143655567,29.40780276942558,49.64427876792894,BENZENE
21.054309439895857,10.449875176054409,29.749753071352544,0.005267758578977396,0.3921385424744738,27.5965096467948,68.33859966568535,BENZENE
26.450934254649468,12.327066910691315,25.316712098528907,0.007866209970918147,0.665786663907082,29.16042556206761,75.90980425185967,BENZENE
31.09816356560612,12.094838184427925,48.739628934625934,0.009135265422254261,0.42897756661937825,28.071709129854867,61.485857642862676,BENZENE
27.507306870656866,4.726285336231994,67.98551587017174,0.007499592371221114,0.12013876503961168,29.102947878974266,43.99973492348376,BENZENE
20.004064134648285,11.540925931955965,36.1146606652192,0.006370643087866747,0.7908314867500573,26.48275988721419,54.410924129433994,BENZENE
26.85330721970079,15.85034876212318,45.05543507771771,0.009034389106225069,0.6682951831061763,25.772547302384847,60.14694164632132,BENZENE
24.846996105237878,14.740057114834038,53.44321290261532,0.003360556939493837,0.7974122223398883,26.407087306564108,61.64862218828548,BENZENE
17.738702675916972,14.216641682859096,57.80963964828335,0.007244596501085732,0.49265770602362124,28.1305440059304,70.58139514518507,BENZENE
0.0,6.813570163720806,48.61982902375171,0.0025469577491414788,0.477264663562312,27.386586337041635,82.5547569831549,BENZENE
27.584157801718852,6.136777723527349,42.73743432649957,0.005778157303174822,0.3096681047680755,28.58507495208438,57.4171793111241,BENZENE
5.9550773204997896,10.490844895601075,54.442943763327165,0.003587052721020023,0.5790710861525199,26.105266812504006,67.53165238037981,BENZENE
21.562752100899647,7.865549741185148,51.821113682117016,0.004450711068337285,0.3607066833143806,27.38242170735898,57.53421653459761,BENZENE
13.585806695073742,1.8055268045450132,37.63269379286843,0.005145373519890988,0.348764049500924,27.275507662387664,64.38235800139871,BENZENE
18.83553214468851,11.49806829653009,35.25352159727599,0.0023903974338325665,0.19159111755137942,26.53839123641522,61.48078682183491,BENZENE
8.840031470420342,2.815533343000422,38.15818758788718,0.006544279860341914,0.519005893167113,26.327730840675038,60.87002177856566,BENZENE
7.586413529221514,7.874243318500894,32.27357048713778,0.0077193834397236,0.04282670161317775,26.921110982642613,68.01107339191742,BENZENE
16.470676130580035,18.772134655921988,50.24700036851861,0.002987836209473969,0.38090715058218544,22.671260999600644,64.1940025070324,BENZENE
8.33555154399393,11.661561102240647,36.756895881066974,0.005649702252614261,0.27288843171911936,33.216554055559996,61.78757233882088,BENZENE
29.660456347833616,11.256607048473066,52.231000910030794,0.007106199441952559,0.47875945964325034,22.21698226196317,62.21116605849244,BENZENE
21.761263769474574,7.804411266103578,23.922152297946376,0.0058427866482675915,0.7408211032510983,31.740675146604158,64.37995990633968,BENZENE
22.61159421646469,6.533971918527793,19.441926197599216,0.003226602035611337,0.7125777537016396,27.178020754512087,62.56616020624982,BENZENE
12.601294429800955,15.616546358292027,69.38938373043095,0.012656340700344403,0.3681909579199898,28.886873466241283,49.833574505792086,BENZENE
26.815475408946195,3.32888179492826,48.251633456439436,0.002708092417101468,0.28222663465226083,25.4882127068509,58.92124739324182,BENZENE
10.687018374808172,5.806924820299692,57.50000867670461,0.0026854116208124396,0.4441082854027734,31.653877456916675,59.86803635486604,BENZENE
9.256648874019184,7.077901499278997,62.69587812541065,0.006582322892860073,0.29375714107848033,29.45162995356412,53.977078501635766,BENZENE
20.450876083543584,9.63442923080707,40.38287293291674,0.003484242604658307,0.22266381554330855,29.60445200903773,77.28980502489063,BENZENE
9.901538023769643,9.833546814205937,13.694594720968968,0.004246146808028401,0.39378821342581966,25.2709497490545,55.63493625210404,BENZENE
9.65776354824891,9.168770913305492,42.19006472390438,0.0,0.0,26.179404466428473,69.57686586053552,BENZENE
0.0,6.0010792953934775,37.106282152238684,0.010165013334625344,0.3229956376574273,29.148966954222786,66.41257140087463,BENZENE
0.0,11.07282886652695,48.23094758184432,0.007524805919023769,1.1852475412872654,21.747661181504235,82.24696649761108,BENZENE
12.700419844797155,9.149315617612038,44.31731632048137,0.0047272909998058695,0.28603341435224827,28.988526206719026,49.82826303328321,BENZENE
21.004633340174124,6.335222380458984,28.048959914394633,0.004649961426012559,0.6514298433725145,26.39399473895133,68.5845361820962,BENZENE
9.152349794276214,11.031687399694478,55.282616081853064,0.011545826499889235,0.3648872109001569,30.00596441427372,65.98067539538944,BENZENE
25.366974254904115,5.124670449565079,56.17507969315922,0.0054159081116499554,0.38716236457830044,28.27525745334512,67.52240396426677,BENZENE
14.070167655024335,8.858852732682106,68.67177086343277,0.008956349056845656,0.5738309184993793,26.633381421928387,56.10759171771676,BENZENE
22.642404465902022,11.504187170119177,67.09006013626473,0.004188058122092312,0.3540902689279306,23.081547512423697,61.07528893939127,BENZENE
22.97256408463558,6.134018483087209,54.60719692801236,0.005428490682006566,0.46481140564431217,24.556925830553,65.852094496339,BENZENE
0.0,7.252415367352061,20.5429013442729,0.009617983549640448,0.5554814705529023,29.400012945898244,80.2100622715938,BENZENE
7.408667833401302,14.989452791662233,58.98287346390577,0.005290334138343162,0.6271240294365888,24.681119462765096,56.75485838472326,BENZENE
10.131282214082397,5.884089167743939,29.15163535859621,0.009669249201285975,0.34822911992603367,29.05751490507064,59.29648633586319,BENZENE
0.43517359561186275,9.080229433565687,16.316175368703348,0.005794097861743595,0.12633699223343792,33.961827997692424,74.11362722174722,BENZENE
15.846030330171843,13.054826710618674,32.305260338013966,0.007630438136010279,0.4399620867437427,28.79206024400101,77.72353500106767,BENZENE
20.859936822238417,9.154894651300093,20.176688456575558,0.003119861114161609,0.3754582132808552,28.280117122829953,53.69796275326076,BENZENE
34.29341340462737,14.065576221014291,54.03177480588725,0.006216110583851234,0.3575582060197697,25.144244619933293,65.77480518518863,BENZENE
17.062020321142004,3.0329576980735027,50.01264625867346,0.005534222853525754,0.01843848842452178,25.418844967661492,60.863944665783556,BENZENE
30.101501258721523,10.226212498135032,24.96777646350163,0.007458108868252911,0.09053920221232692,31.24807316166122,60.28875348182122,BENZENE
14.250910490086634,13.30318659016876,25.692546471236252,0.001808645444661026,0.28328013473079905,31.11513655305795,49.806539245231576,BENZENE
0.0,6.195364566364005,53.27611199866381,0.009600785249216488,0.3073677275829202,26.765720178651993,76.53900734255747,BENZENE
0.042066402436635286,6.445916899267963,47.856358348875865,0.007347656163855103,0.2980386613618235,28.103323035117523,40.1167264658701,BENZENE
9.734012701329213,9.814034850217869,30.265589486179806,0.006176952664768792,0.4893745001605396,26.972352397426704,66.70463770996571,BENZENE
7.298139477723102,7.173554881215813,54.15324254383834,0.006470918882905303,0.2826937460872129,28.67264921287238,72.14609790636618,BENZENE
0.0,12.636296259823592,39.95617891978392,0.007276469799720691,0.6394493847290457,23.884978908308604,57.90558997572453,BENZENE
12.691610432994361,4.864985915502286,71.02404863755213,0.0034296837185196216,0.2888906441026267,28.61316709480893,52.97850473923911,BENZENE
11.83455430594989,9.269813045000701,40.00709393426233,0.005719839423300155,0.29413357751032587,23.4565890724577,68.21593211339238,BENZENE
29.03946457317793,8.073606523133753,48.378961758713245,0.008078168265350578,0.14613390069066018,33.10754397438882,67.02328796422802,BENZENE
28.05485519271287,5.0678680179040425,72.27092883836737,0.00832546648210435,0.5106080171704717,28.702073363059444,62.514713819255505,BENZENE
24.60425326779098,8.561439479392188,15.493954446192717,0.002648440614878993,0.36283084956145056,28.929996949496665,64.43411511100105,BENZENE
24.751766318349304,0.19559254384550062,47.1538190475774,0.0005460623238385358,0.5519424590968337,27.71662385667399,69.19609972024118,BENZENE
8.08893631528187,13.117859726631004,60.62586996088277,0.007750632909035663,0.37409655062731184,29.739571855885398,57.93107432012651,BENZENE
21.844445272165697,14.597923577295685,61.05915839968779,0.0038111925905777717,0.4722834634546206,24.120575368724058,70.72390311175675,BENZENE
18.60482730290031,0.5207346418713437,27.573242341314543,0.005150583309768699,0.33982805057183474,24.371569193743582,68.88978729352183,BENZENE
17.011788871524097,7.222923472085923,33.66312749762456,0.00914612137924969,0.7310814226176591,26.549315548460388,58.878330828451794,BENZENE
18.92966132329597,6.567882481012055,42.909041990051485,0.008218959455174014,0.01812878249854144,31.954906974558007,65.72680524329341,BENZENE
11.708054843502559,7.643063383114204,44.43644032530778,0.000806396089665224,0.6989876454906472,28.123976896811854,69.43002130447375,BENZENE
22.612398164592342,3.915350169758799,52.10207848552842,0.005197076727303619,0.5693541550432988,21.618317738945514,64.00905699758731,BENZENE
10.177434753728306,9.729051802536622,52.05066281052303,0.0038771223155339217,0.2575652271647913,27.668003894328013,56.033577726847916,BENZENE
17.05190217271276,4.892378398657661,1.8602356135671698,0.003250355886756388,0.14421842687340414,23.106172553617164,52.62573361777427,AMMONIA
12.65645083099782,9.985922484744695,66.26368947729961,0.0027869932235685207,0.36838562927560536,26.622729069343023,58.05399630836855,AMMONIA
5.073823990602094,0.7445135797448428,52.201525868811096,0.004316106979840264,0.28550644949776655,26.752099216157923,55.542539393032186,AMMONIA
15.64947715010981,2.048604240160245,75.52055827686951,0.0019955659621465503,0.18713471439704477,23.59964442815297,59.98597853114363,AMMONIA
17.85187475086787,7.546884265331869,79.5684422405607,0.005044285091867872,0.1344495257204446,27.007632327017326,57.19800870882537,AMMONIA
19.98344942423424,2.409634060721065,77.87395378778221,0.005785907740217538,0.5744430302574131,26.77094022211151,72.12322159580162,AMMONIA
25.689911019233058,4.1470749691989095,29.299195049352807,0.00023997993218447282,0.4069068043291997,22.35054937582425,61.27680947062077,AMMONIA
14.623879122233763,6.555526610489742,68.50889728368344,0.004444579711601708,0.491829871997009,25.14305085778361,58.23004861541469,AMMONIA
7.364043328375056,8.49057543558783,78.00797176790127,0.004902450638637017,0.4775240500334892,24.46587739787086,81.67224111551137,AMMONIA
21.13943173027355,8.20686599173724,95.6359781754212,0.0006867535846444522,0.2213327795606022,25.794089617954143,72.21479323757343,AMMONIA
5.699155562387126,8.272485448012457,87.41072287993427,0.005390405800167999,0.34256265354922516,25.036379977297752,56.53149033874635,AMMONIA
19.49771343178,8.338047011715997,59.21960961244912,0.003164180908468219,0.0,24.787442743946684,84.11419087139723,AMMONIA
4.317266573985199,6.568439463663242,80.14887946390397,0.0014901546639954151,0.32770657121716246,30.813746612531965,65.12499321907251,AMMONIA
29.21041833400061,0.9942022233654146,81.17457059767759,0.0036543965252070713,0.41578802322550124,29.32392145509774,57.668438028900034,AMMONIA
13.37397835475604,0.4262956458051388,72.06495001142787,0.004596316931981051,0.3957990252964653,31.17435497526145,68.67619840209711,AMMONIA
12.888536518789657,3.356794990016123,45.755584727018984,0.006373469240354662,0.5154503108558968,27.285668691063837,65.46002747253274,AMMONIA
6.572313750037404,9.518270535802333,73.30833647383557,0.007882434872927498,0.16825153842303917,26.86597630294535,67.31445922525572,AMMONIA
15.878937226354624,5.352997087357103,42.54077819092599,0.005762815057847142,0.4081703043818372,25.251177698308826,78.55442801105495,AMMONIA
19.02119225517962,6.4028894917433785,61.591957247520725,0.005108115542231815,0.17074453946156126,28.090094437492247,43.4761645539082,AMMONIA
17.25873387301761,1.3155203326744216,90.06839656857998,0.0033397598120670996,0.2682499527103235,26.116798281746483,62.11961126077924,AMMONIA
20.51118807088822,0.0,85.53930772176375,0.0046760469622034164,0.11894675282141767,24.774062820852286,81.76393027208204,AMMONIA
6.326958720343613,2.539948468212122,82.74629084729459,0.004677105752571829,0.15931116351954017,28.649874926213858,54.742473163597225,AMMONIA
18.604928390535633,9.1841128946194,70.64012397643886,0.004723322122494033,0.5641782187301061,27.999058982164676,53.181258745791986,AMMONIA
14.696843476993841,12.25814114861134,39.70481013628296,0.0032770744666120286,0.3624669057152179,27.83828545298278,55.176964196226855,AMMONIA
18.731147137382827,12.960122166051779,63.92262918047815,0.002191863420527999,0.06765592124197875,28.773927943663544,76.03877343316258,AMMONIA
14.85100647897229,5.9927884772434385,48.21456696421387,0.0018156727345638207,0.4252126989487323,30.741314864156756,49.54270213309267,AMMONIA
21.539033869084104,7.7222136626820035,87.99189290291586,0.00131574450302977,0.09512637668768417,27.55309207069811,70.02784426895194,AMMONIA
22.778164937561783,8.118236741445394,55.14637446375933,0.0019472615846682158,0.4845000859078725,25.105883722747855,81.28468554772321,AMMONIA
10.293692102360945,10.77174621785355,73.57862580118557,0.0037260090211150834,0.222090544226081,26.97727636796176,69.28316692375238,AMMONIA
12.462938977306301,4.218565775793884,56.68737179364736,0.0041571540594382995,0.0,29.374504344366095,55.20278775283193,AMMONIA
5.08000558076553,0.9379669586678689,24.122150042642197,0.0012891049937754214,0.19364685635542644,33.8597774125797,59.74120324104796,AMMONIA
13.066500637608188,7.201444159518986,62.621303724316974,0.003845113078548013,0.1207059354601133,32.35278264483763,83.07196643637886,AMMONIA
1.904047835263885,2.927914227340861,54.403793152459876,0.0020709244101796177,0.3758948330183798,25.81518339278016,86.65056067806603,AMMONIA
19.143291566061578,6.637722091896645,80.53972526639464,0.006211800848714618,0.2154078767912635,25.551348266374106,65.78143062969647,AMMONIA
17.169816746987664,6.417181195960253,28.460070356180054,0.0023943511120983153,0.28890407046084327,27.77300318702251,84.72542176789808,AMMONIA
3.684072345606012,7.5167677255076235,89.7822621665658,0.008542899490845593,0.2393403865224058,29.4742883581606,70.69760357198646,AMMONIA
13.172890389319745,5.703464396282082,68.71950779000092,0.0,0.40231042350939467,28.378533710985902,62.77525103221735,AMMONIA
24.281173174317345,3.975197943628343,51.93848021869938,0.007983106604409467,0.17519080427252148,26.349654151190382,63.5297457656915,AMMONIA
17.044406892777296,6.62340752205994,34.147493056954744,0.0029356628737456213,0.2088968350181683,27.768336864330863,69.25843658629829,AMMONIA
14.509234535327833,0.6719647378547933,81.27881975121713,0.004505137691993247,0.5076798071390859,29.332594981872017,76.01322957735762,AMMONIA
14.799271868700762,10.038677268608245,70.44501272035558,0.003804169507114192,0.6408652080670323,30.667111366839677,70.73744421004413,AMMONIA
4.342173500769984,2.135077147609387,65.85430964283707,0.004291042395536481,0.20788161524875257,28.42294809883618,80.88626928043595,AMMONIA
16.17241484730179,2.576974470741785,57.76982345714113,0.0023900670382948786,0.24184501253871582,26.759153003111074,60.22354417395995,AMMONIA
4.469187768159631,5.61703595544543,48.7878472630538,0.0,0.6079458036752494,31.266308962650015,61.23699275075004,AMMONIA
12.11291429844359,2.4850369580473144,93.91445755621731,0.007794577389546224,0.32350405923697867,31.070591932556034,66.75286778933923,AMMONIA
3.979647366744416,4.764529893109028,62.63855933543914,0.003090904562513112,0.2672020083847446,27.725801327472656,64.19121502134539,AMMONIA
12.3135509429849,2.8181848008101973,45.659677017441275,0.0014308314686000616,0.44667233245293003,21.683059174479027,76.53590343316925,AMMONIA
20.31809638357706,5.0934582390521355,7.937258243454025,0.003277378876065419,0.2903723758066771,24.96820534021326,59.84781606191757,AMMONIA
21.181171193180106,7.994781486905223,41.508717712438,0.0008048016608091357,0.2509474023585343,27.359629661948684,69.96199187363317,AMMONIA
8.788099724594046,7.534498726085584,98.70308080120458,0.005631002044888526,0.2927867239003841,27.450548586840117,61.433268658201285,AMMONIA
19.083845474712867,4.118059662146091,60.904454179999654,0.0041023958037621705,0.2247323710782702,23.882603356347698,68.22974503617668,AMMONIA
11.633976168867699,7.50072140830971,49.32799387121666,0.006441642597626095,0.16848393281822327,33.13612085205368,47.52363490171739,AMMONIA
14.608620387341347,7.426292047579871,44.088858641182355,0.0048487878757220255,0.49192780046402385,21.349543481937808,70.02744807490815,AMMONIA
0.0,3.103005589430376,92.5833272980189,0.0028364359332158917,0.1239180053386541,27.406186813045956,85.67906338163553,AMMONIA
1.0099065167638432,2.8460702650819663,89.94863366359253,0.007715404687075465,0.2844853163564574,24.282841892420073,85.95843501809159,AMMONIA
21.56665435049518,8.0368409632867,43.751953021251595,0.0039019413183239266,0.2759459878432754,28.992553913846734,79.51001438131337,AMMONIA
17.27650224682442,2.7678717690457253,87.52992900039075,0.004626264280026311,0.4030598693788374,32.39962257783581,53.88419750486449,AMMONIA
11.785046527761223,4.405636345922355,28.642811492690882,0.00469341995520984,0.6767334827376635,22.47976676648274,64.67719388950529,AMMONIA
15.84325761044864,6.369234604968543,57.73743894968519,0.0014015672731083517,0.3349180114410245,25.72970806895222,43.100782950214466,AMMONIA
19.167553323082384,8.875157459526127,61.033219537021594,0.004458149376411405,0.46114770190733423,28.673018970334248,74.04017554761315,AMMONIA
10.215106794756899,9.93595121572184,66.41571451865367,0.0043881038872117485,0.10949083669319518,28.860867562905128,56.68045082505549,AMMONIA
8.170303640829035,3.553873115051637,38.6753013620155,0.008249542806033922,0.49970085929826047,33.761102506432785,52.77104980444436,AMMONIA
12.427522499465354,2.1194771243877124,46.08610245605872,0.0021637460331668506,0.4859376009662342,26.81131096569472,75.68379333694017,AMMONIA
15.624725337531107,12.910916256314367,30.411115537205518,0.006518466479573598,0.47196613056010916,25.079863485918896,75.0713333647316,AMMONIA
14.016869778157373,5.317571220139777,43.52129026056001,0.002561781097101628,0.6074718143678889,28.002048456872448,72.82130001531459,AMMONIA
7.254603709994681,3.6604411613350836,81.63969618499884,0.0013008475768969355,0.23771793481420928,28.102082233216695,66.11372601840053,AMMONIA
10.925440289903062,7.187459343287769,73.85711511635623,0.005469275090918661,0.15212942869982599,27.14753470621361,76.94762861876937,AMMONIA
17.367883125443235,1.8814216455568085,67.02959800704403,4.354950125037924e-05,0.30704023530905544,33.693301050237935,55.521072827310135,AMMONIA
6.994061727050507,8.292089344718578,29.14396969580708,0.0027344899402299222,0.38946617063726285,26.097142456931792,62.640300127890285,AMMONIA
16.465114261890207,7.264638250609684,65.33636792590804,0.0033217554414599225,0.3555091672903433,27.62880195970073,69.57805609925785,AMMONIA
9.018407849292132,5.452293076861377,40.20084414895972,0.003929984779987529,0.17834987045567327,24.65786064951402,67.58661147855388,AMMONIA
13.276438655145961,8.348621204845717,51.37748860849802,0.004816105693673511,0.38261963584104947,29.334321423494785,56.743463171978576,AMMONIA
12.896180893627132,7.092420888163984,60.14356933815884,0.0,0.32407344359602197,34.637593118191724,61.39960731243017,AMMONIA
7.631537412868073,7.120045679134194,66.24756420933143,0.006385470330832829,0.11131977661366682,30.194140757724977,70.90422061251464,AMMONIA
11.147120778356724,7.01606195376507,80.58914963196715,0.005744630760056901,0.1285471031889407,30.460474560266455,64.35311394967482,AMMONIA
12.437244588093092,6.219590973005084,56.9951402240348,0.00638341499421413,0.28744230602261817,24.641361614850496,61.06470144030271,AMMONIA
13.072168300862854,9.687644352891152,72.06189369897668,0.002298929442505912,0.6727784875018337,28.79432593293394,77.75390737999015,AMMONIA
11.089713398536626,7.600077734116348,76.7893700903681,0.006436389423508512,0.45860524580673373,30.616591000218932,61.849132688058916,AMMONIA
8.56952374826363,6.997822530972592,78.66256144682139,0.003554558598446786,0.45977579485715797,32.35785023645854,55.83679080926581,AMMONIA
6.978475777222321,5.578874823283991,66.15225336378393,0.002950865972465898,0.5028304018300717,29.272200584555353,65.3944704824074,AMMONIA
3.384542856788835,2.0525525507174787,65.62018500563613,0.0,0.4518956114466107,27.525538466883038,95.0,AMMONIA
25.847497503696665,5.45565279225745,57.873259949373704,0.00599116302800406,0.5554758914877056,23.08591282769195,47.13624534645314,AMMONIA
8.267791166673712,7.748212749521593,69.93747181015195,0.006139542909967701,0.12004537074520377,21.05156841109337,73.58014195302145,AMMONIA
7.030822362208593,0.0,62.901274919187635,0.005586351376437355,0.2816914301818084,26.62645484145253,63.406377678540935,AMMONIA
9.776503425595303,1.9558586641794982,45.70638646019137,0.005042559810027629,0.348251781206475,28.50417941790046,55.04851518146621,AMMONIA
10.910981027185997,0.0,63.5695332777078,0.0068577154156271355,0.07888018019368415,26.242216980046734,68.2910677871013,AMMONIA
19.5170558065649,4.655326151099551,46.154993414682075,6.21537151678335e-05,0.3155157193962159,34.126228120431236,67.77358461964675,AMMONIA
11.86632612489772,6.966246932300956,59.77815992102796,0.0023739712554797406,0.4234919873516558,28.677284569335264,65.17613251933658,AMMONIA
6.1478038363305005,9.910523795804277,73.2940549066622,0.002894158325265396,0.4502737280522906,26.50728748484438,57.17996507488963,AMMONIA
7.441781295118277,0.6867943407357266,69.43084760836412,0.0003377102433232996,0.11573342531013561,21.7732359727644,64.13930307209107,AMMONIA
11.098077238368768,5.019911360440908,39.14844610658847,0.00165553249312672,0.36965547953198613,26.348344204874536,68.16358321536144,AMMONIA
6.688507883254665,6.543188228313247,86.06556074632127,0.005172331600785567,0.23813792726752794,28.771596911067782,62.59334825469787,AMMONIA
12.047281108168368,5.023166843554489,56.71329588229218,0.004424186706148351,0.1509961950627074,24.952363519030065,51.11457446168789,AMMONIA
2.3983733729777406,2.3481519233385617,63.189250136082585,0.002214424969016232,0.3770421696346644,28.104141246257687,45.31495786561946,AMMONIA
15.929853505330138,8.43239593677513,40.122746503302935,0.004840383085789983,0.17152526438862015,28.293011130245006,52.35501593045034,AMMONIA
1.2413612847925393,4.851548431161094,57.52542107450328,0.003204640612770792,0.12239541626661607,26.80030281360659,67.69294752580734,AMMONIA
11.730641819264779,6.5475030917976405,46.59769599091534,0.006343435829432319,0.12357399951678291,29.462680891260156,76.81891092959961,AMMONIA
14.885448556493373,5.39242731880551,49.43405906674042,0.0060721753020925116,0.08655376121074904,25.089627218861068,61.02442234508278,AMMONIA
19.42592254507199,7.139302908122688,40.639084829795095,0.003379384589230193,0.20785152838555582,25.870633023299394,74.78889558556779,AMMONIA
3.7695412244189654,10.82634256720312,76.56459380369246,0.006181723341207396,0.23055907319621124,27.550177842762672,50.66848185475288,AMMONIA
8.852025557599182,7.480964542929453,85.92126123562792,0.0017856863663950964,0.2451741094522101,27.546102339302433,51.04210797807515,AMMONIA
15.548095450550402,3.828029004772173,56.09219297645952,0.0030961012561762447,0.18159922414204885,27.978865043558336,62.84390421431978,AMMONIA
9.768852706328007,3.814615134958972,66.39049341565911,0.007307234536984571,0.3209830849258691,30.988354644733388,51.097780748465375,AMMONIA
12.946568635762617,2.7078950430868005,30.461501449361972,0.0025212571850819275,0.4787849001620359,30.850047486008936,67.430047220544,AMMONIA
2.8037966406604156,5.411158045836189,66.03400017803472,0.004351072459157196,0.023430962477888118,25.329046455940386,64.35922235851284,AMMONIA
15.21774545710314,0.0,56.75752049040283,0.004286097539757905,0.42744179827743195,30.07857275271231,70.82571318808806,AMMONIA
7.200356959788395,0.2759935886300777,52.13894485877198,0.00600326365041712,0.5090181791286648,30.131647306893356,69.29340822801734,AMMONIA
14.277837890315793,4.331643759717658,57.3987941289276,0.007338139051652662,0.15861629913121855,32.844336372129554,61.77971845507942,AMMONIA
19.95259265457047,1.7795549715073857,71.71808402329299,0.002526459728104756,0.08770992121137186,28.655602127232836,75.09471788595968,AMMONIA
6.930351368439021,1.5029521186247958,58.163104713300896,0.003825129342445638,0.3822479441331748,30.848783714093464,64.40584818727505,AMMONIA
23.133019888765578,6.6727042336058755,53.07146987986201,0.0007768652817943442,0.2606010719525748,26.99083916376659,74.6030479628147,AMMONIA
14.774901744401124,2.4618926351021484,63.44508772822075,0.0053430623434581066,0.5292047039081749,30.66251190224218,72.60846654311477,AMMONIA
12.360515967690981,7.164936016270349,84.99009801412318,0.0013344452050407006,0.2475841009174566,25.68229375373128,68.79153118726124,AMMONIA
19.381333053904726,4.209077139836778,12.193912650611239,0.00317555850995106,0.43702105980261097,29.61288970884964,69.28186247810577,AMMONIA
10.320040188753122,2.1629077913406407,70.30588643248934,0.0023314363799307506,0.6276145100070685,29.711521625063547,59.19351697446049,AMMONIA
8.33168851566823,5.721167380159235,55.209961559565,0.006233667551059909,0.3279624254616069,25.805104783274416,83.90440685155782,AMMONIA
12.295849989121336,8.30651902790669,47.83546985110482,0.004726231255489047,0.34666649867147925,22.33105212371154,85.15275110460641,AMMONIA
19.743866765535284,4.808414051562037,37.95460519088289,0.004695123227607104,0.31300465491215945,29.06700684568969,66.9157739619409,AMMONIA
15.037445935835557,10.341917098175418,71.36206410257293,0.0019006890021801177,0.5043844279068678,32.92184369046486,95.0,AMMONIA
5.259035800562412,6.728646039450825,18.35802593622026,0.0051062983127584186,0.2177699552749841,33.77033738447486,57.25385029981418,AMMONIA
1.8649017721964292,4.586208777892441,20.49024457565725,0.00550219890901462,0.0,28.085372743549478,44.22188180143803,AMMONIA
10.07821317278015,10.930134467413602,67.2129578287159,0.002273012790070132,0.2953194766591374,28.05405061613334,69.72630345843406,AMMONIA
3.7988498203150414,7.777701821541992,5.912167367944498,0.0027402308952723794,0.2267589236322683,29.899980478213717,65.22630852676869,AMMONIA
3.5666216768622796,3.0450206225489547,63.97360019094814,0.0038418653162708874,0.213131383554638,26.55749863146406,71.96167997159289,AMMONIA
8.893844562784711,5.7357262679127805,103.39873176161086,0.0011526347262321539,0.02222359026380122,30.35076899439582,58.21356938705897,AMMONIA
10.090574833544279,3.6565308656066575,54.80399718464975,0.007197076224192683,0.42031926879271786,30.586670535660932,50.837729442073545,AMMONIA
5.093077580682785,0.0,43.81238357834492,0.005913406372771317,0.37754197736225564,27.33546021114363,64.77699716281947,AMMONIA
7.866686744547566,6.614276647205353,75.3175655896123,0.0007682264251790546,0.3449471531756022,30.797304612864004,60.848997110366305,AMMONIA
16.2042036727235,14.44396333341766,57.91314414026216,0.004786614100010647,0.18929143745079124,28.54375348780615,69.60271624982303,AMMONIA
13.169054041620829,2.94091404087343,64.12723542650902,0.006924391877435274,0.36729536467717905,30.885961567215524,62.629880299873726,AMMONIA
16.499401436542264,6.837803514649578,40.981785406255355,0.004637042009597749,0.1512455004839534,26.101359175345625,66.89328307292374,AMMONIA
13.783465640280744,2.432302604768613,81.07971542365752,0.005144012556600946,0.19429073465836744,23.387245610652474,63.55095420918569,AMMONIA
9.324337716833039,6.339421371159069,52.73766677688867,0.0,0.24174795925482623,27.083142666795062,71.3366102477406,AMMONIA
7.810801952333701,11.036024020117699,21.76718898696486,0.006622334995605249,0.2663521543682843,30.57875461703067,65.79801484058733,AMMONIA
18.837333216152814,4.837914106341566,38.027591496443755,0.0068410085745421265,0.2829779031176788,28.664675420872634,77.34751914044796,AMMONIA
5.808268547433391,7.786472692917772,48.20210487074218,0.0037356612887112562,0.3108418448076433,23.49933441565919,57.211629571795655,AMMONIA
20.106437354478835,8.658573565754388,58.7472084534553,0.004486246917025786,0.25586362415453134,32.069750157483945,62.99647422205836,AMMONIA
13.391052552809088,9.438090432426195,44.45257030308187,0.007117578368993788,0.07043078853849347,32.888926393338394,61.27324416048025,AMMONIA
10.543807513048309,0.3299694864511711,50.90410565244614,0.0019203869379462316,0.2088530481939791,27.58806710263336,74.57791614472906,AMMONIA
13.245620108403754,6.923029960203341,38.08961222308875,0.0022384918207945395,0.5698087527526967,25.79439689571026,81.56208252057296,AMMONIA
10.541632806714802,6.006863808430512,81.40730320459859,0.006543784843877313,0.2833781159581369,26.835270839435385,64.44079551477788,AMMONIA
14.027745169392709,8.673911060609267,60.08459717988303,0.005237772596046308,0.5457539598406411,29.143928836794355,68.11652856004778,AMMONIA
2.8865350494595923,0.0,67.76751458460336,0.003810351537438256,0.22278259876278872,28.730590612559034,64.39596270803092,AMMONIA
18.76668150380339,6.258332604776934,45.06153429859665,0.005980332477918578,0.2674303387580696,29.57961005101692,60.22589293807199,AMMONIA
8.101038687015382,6.252504690557089,60.256572870873704,0.004959654070733666,0.2597031370035386,22.490920648688807,60.672261164116115,AMMONIA
16.762910802862894,5.107871762270681,55.07233194970904,0.005972753011811874,0.1932040159111616,23.3715903452713,63.393688804745054,AMMONIA
9.094956292507579,3.101261040740238,56.492430882026184,0.004983011294493567,0.2986067157648276,28.920943218058714,83.13407698515422,AMMONIA
9.942726830654616,6.835045903934009,49.81573274801731,0.002307280560226054,0.2122638519873345,26.563724285434933,68.59475797547125,AMMONIA
26.094454720204546,3.851869691172479,51.66749388769075,0.0038737539737775037,0.35936982730646205,28.790652435864356,77.84095793948117,AMMONIA
0.0,0.0,50.08243655979702,0.0061946003750874175,0.06515279525916057,18.97710298091873,70.71179406219208,AMMONIA
8.974628894810857,2.2744789830014254,3.0433811978372103,0.030605125607306514,0.21105353174739402,26.12105417145098,69.9406391897552,MERCURY
0.0,2.857870337180502,2.621838117266849,0.04487318643255016,0.14619522415098615,30.3935313396873,46.406632283399425,MERCURY
8.181965905323008,6.395841058029264,11.569942309685864,0.0403646805781305,0.23244586043525173,22.588411622312904,41.08043795686976,MERCURY
11.3790975031268,4.986099265879823,9.535538069395269,0.02253194222060502,0.25199021395287524,33.60645352163156,69.19705608357266,MERCURY
9.106326022364195,5.021390202060875,1.2873556286222634,0.07711145871420697,0.13891423601949343,29.51344976914905,49.36965693428746,MERCURY
3.2821613419688784,8.587718498055589,4.9580931331264715,0.0790655095208509,0.19217693409414824,22.47430668112643,73.9206759973172,MERCURY
5.640430728977568,6.746722033792609,6.075632602620247,0.019137635441142595,0.2164294765370569,34.588669426458395,69.9298645851446,MERCURY
7.7699289879781475,7.6883585048922445,6.632005395609332,0.05419068460525589,0.09083748278408975,28.701544077368794,75.35443416416945,MERCURY
4.655751391599901,8.56123955311737,5.724881927564622,0.03224460976922919,0.29976320769202447,27.139617292785193,72.59514887486108,MERCURY
6.832965470965851,4.850434641175241,7.480680613002875,0.055817941151800124,0.0004468219548261487,24.636268779716826,74.29409984790816,MERCURY
7.471453644393811,3.6906717430714453,1.924277954227577,0.028405273574483036,0.0,27.696157843895403,59.01562419418953,MERCURY
4.133648436058739,4.829691437080117,7.0919118925582145,0.0918639586441989,0.04881165804367865,31.478143129901568,74.73101561015072,MERCURY
4.883629042493197,5.508089886465077,4.627100251987154,0.05371377160837478,0.35091310134045506,29.81681869789394,70.08608373233442,MERCURY
6.2787627201814304,1.2898583376891621,5.374595368378777,0.07413216309727831,0.047283214341035246,24.834731895469915,66.26267736234068,MERCURY
4.06138086061095,3.0186913822119683,4.7292042548154685,0.022687651916197014,0.10258781537836317,30.110283750361926,51.92630217769036,MERCURY
1.6085114620206493,3.424937551165264,8.195866507529537,0.046061563840062214,0.15354189218843817,28.133076392546823,47.54292567140348,MERCURY
9.97882261510013,5.9585875785091105,4.772074577712836,0.07011849023592834,0.08725039010469614,31.38372697976071,66.54493665595251,MERCURY
6.6537896404873065,4.950315911579221,5.678205702567174,0.07440565792835435,0.09233208725289865,25.712442282560204,75.3630289207248,MERCURY
5.617860259264563,7.251332693328979,11.098307949026129,0.04196409946116733,0.26813623265753056,24.538923155980424,72.54733298067809,MERCURY
8.797695943947069,6.182595705400538,4.063283783893815,0.01677833168865655,0.2503252064749505,21.809790542561636,61.82649507757465,MERCURY
11.76472746567988,5.47974433968259,11.84502793436944,0.07050218305163547,0.13461016116744234,28.081940139554316,64.52629297455564,MERCURY
1.671292946615491,2.649002708789117,4.317717279060419,0.009275589942881267,0.2047493468251643,27.25278446604088,48.27106098688426,MERCURY
9.616851461109329,6.789681861727399,6.681103436594666,0.0435186364958206,0.2591442151751855,30.040661081430073,68.07403569719689,MERCURY
4.701550998260956,5.691501913777952,9.586441952476438,0.0380674188277654,0.40979393391324315,26.423107198043848,65.32407013340136,MERCURY
5.310057615974655,5.558177089800652,0.7733349220941745,0.039079164023665576,0.09078787996514329,28.406015043676874,74.94447375508908,MERCURY
10.584024748458205,0.0,12.126208958783641,0.05590559881241737,0.12235008595069997,28.471383756972823,66.76189822502693,MERCURY
5.332605132193745,5.494791668355189,4.177583137139078,0.041912760146199546,0.13137208642449155,23.70198613078104,66.45836470215384,MERCURY
10.341197746065353,6.287208990190931,8.459775757905703,0.056486804200297364,0.14672745017830965,30.518991593293567,51.42482460158065,MERCURY
4.3973144699500795,2.5894998214418883,9.240168177417932,0.06885577028280152,0.2487305237044995,31.215789595635393,56.20717217588012,MERCURY
9.394380479443921,4.68706392904209,8.540646311654742,0.04769551534895605,0.1615057111589919,29.62272555568297,73.76169167191233,MERCURY
5.326619220612793,4.84731082161906,2.824678099075042,3.877965014121437e-05,0.22004596314137292,29.826716068763897,67.62066809086726,MERCURY
0.2017531289825314,4.122876424808814,0.0,0.07739402215308369,0.0913945417881914,31.76621082837969,74.45869643684145,MERCURY
4.397638589855753,2.1680376218306376,7.051110649159015,0.03311351925633858,0.21024846421582077,26.551517227579247,47.18841585534366,MERCURY
0.0,5.566710621236493,4.315326761008124,0.03893820366171736,0.26958638390937856,31.520326829897336,62.27455278638191,MERCURY
6.637605172360554,6.2503575827847095,1.9291932909012743,0.05446306109495394,0.2551885971822154,30.040690625252886,45.63247297497535,MERCURY
4.954578920764238,2.8043418679413334,6.299660863227639,0.05961489159535968,0.34967104074459815,26.51510355889578,60.024275016907865,MERCURY
12.598688075514989,5.741442346325763,9.802954533563922,0.05577456006019673,0.08428833812867292,24.00061493566658,49.48487750941071,MERCURY
10.648207339033892,7.97149205771752,11.548086424159143,0.0668621066464648,0.3162838577534986,26.259951002038946,53.43584183256144,MERCURY
11.400317329670212,6.044201880598502,6.322333123022678,0.0577474296126598,0.2323185482458206,31.851450579560684,77.94985584816956,MERCURY
10.176881409361389,7.114507181407321,7.542187657274328,0.040776605359307626,0.275656467491314,23.816514793422215,75.53891552295883,MERCURY
3.2219082409358597,5.714508216986832,3.464538124721523,0.06106777966148854,0.19660747740720913,23.21573212551,69.20699631018479,MERCURY
5.688316892669158,7.202866802033423,6.0039770662032215,0.05790841970776077,0.10424310449847882,26.232003305717914,60.413613638989155,MERCURY
11.426809920970223,9.193442719513722,3.5844847447713715,0.07153696289315362,0.0,24.417431796723132,55.41221543813225,MERCURY
2.5899652422371107,1.0410290255310501,7.238996736413393,0.045718646045442776,0.237940539760511,30.07141805836454,67.65616993172533,MERCURY
10.631052704601494,4.826169284394327,2.439019835082766,0.07115628361641593,0.14108878672188732,25.193211103712724,63.22082124195602,MERCURY
4.348756322813948,3.956424045026419,7.032161764690399,0.05696683478492254,0.11021699335743707,26.536883881153766,75.74333004770244,MERCURY
9.985600470935765,10.187662598371354,9.540384521224583,0.07288586137119879,0.06121314495441982,30.291581054900266,64.4689319830309,MERCURY
5.796072785847002,5.420038351331321,8.83563460383445,0.06001663182008424,0.112152619865794,30.22737674077786,58.62412457924036,MERCURY
8.866732475857145,4.241624831307164,5.343401244793123,0.0653248595008102,0.09598062801841022,33.8355852228308,46.78913930705504,MERCURY
5.609329266980572,5.925529724854353,7.752942499305929,0.0479904855885659,0.19426092969984576,29.23165025598285,62.6893052254232,MERCURY
13.572725031739623,7.098372785579006,8.618473053016903,0.030676865532591663,0.19206115755942973,27.098602153837888,54.94398624310534,MERCURY
9.440656735783067,3.6558856055504587,7.966211489550711,0.02859616874211337,0.37190406128418213,25.311002024223814,67.19302337200436,MERCURY
11.167437241552271,3.5733989244997177,8.557405930298852,0.025416328043991677,0.3452117699182561,28.042447794897274,59.0358859203112,MERCURY
6.8032729102902625,7.022298173481799,4.246634124448685,0.03501284621154445,0.17784634024162618,24.469113661690095,83.20543907941816,MERCURY
5.734421635141107,7.079041965451009,6.628410250943318,0.030309318990360642,0.19940452907872708,30.352008337932244,63.11738664913693,MERCURY
12.772451783404112,7.55378848195466,8.756744563974987,0.040806864554540065,0.0920157552218513,26.159237183911618,66.9624094066672,MERCURY
10.183146854129422,0.0,5.975660395164749,0.053161784506463694,0.17224557436844484,31.873821517047638,69.21780074250871,MERCURY
13.240767632323589,4.460098699124419,8.812432477520774,0.0827013278905504,0.33116934492726613,24.7235752197138,62.46323922457619,MERCURY
6.6193411782008145,6.2231363376908195,8.0590606650436,0.033222146519485275,0.20678385139169378,21.94021800353159,79.4194500580189,MERCURY
5.950503037293226,5.139659849611243,5.071050858035816,0.0729205515002683,0.0,27.950168973022272,63.94181242502302,MERCURY
6.185454449633269,9.315566364089081,3.3380116234326866,0.06543592354471323,0.23562527887060836,31.78455775760655,58.32810915222495,MERCURY
5.068124403504964,7.740174768693496,7.275963924990331,0.01910125306646483,0.14606949855367296,29.159147961544182,73.3776422154659,MERCURY
5.28307738722818,0.0,7.5696695572111,0.025593586201120486,0.0,19.503022225047577,73.1398086019774,MERCURY
8.514469801619866,4.4358590482193705,10.167073088888285,0.06274649366046145,0.36163000427219166,23.82179358349901,64.65449376046037,MERCURY
1.533146500207943,4.426544170361332,5.254152438699968,0.06253227274526142,0.20455638811418983,29.870221414839747,72.03440133138895,MERCURY
16.619714709532566,4.211758361784689,3.1769318980008627,0.054921672306328176,0.11977199728604565,32.44588230530961,62.167819610547674,MERCURY
5.737694528504038,3.8217106971222052,8.155252270414923,0.046845060335370295,0.13583331798696177,32.99605575287059,56.4383015933825,MERCURY
8.142264296131975,6.630765379025576,1.1059946687487798,0.0596052100281185,0.09448923245195506,30.468348342502008,55.37348988081024,MERCURY
10.771076127395443,7.764582665736782,8.584309576898415,0.05502633296476205,0.17686990570703007,26.27074127099547,79.71034690817103,MERCURY
5.202019119329427,2.40733481607501,7.99610680509849,0.0340772639362701,0.10499365025338729,23.669187213490705,60.170901605394825,MERCURY
7.669139904414028,5.607729319151747,8.85391873289845,0.060537958473315875,0.18091277804468203,27.40541297086084,70.10157468915183,MERCURY
13.090280651714277,5.315785498708,4.592607437368773,0.030142679978289094,0.05547947355877744,29.99880901613057,70.77978523639557,MERCURY
10.309454100426645,4.6783513841198605,10.220804237675253,0.04031763010830365,0.29552692372072054,27.88377131503137,58.91649235320662,MERCURY
10.370121229271046,6.024090296709984,7.070918277800779,0.05162556844112398,0.19621069182831694,35.16511597861132,76.84256645196173,MERCURY
10.891307579942048,5.279497895508471,9.021471601790008,0.06035989552782904,0.20262047527740357,27.089307024202256,64.19082662337311,MERCURY
0.0,5.526502098244104,4.534571759668921,0.08185339996565769,0.20193440708117544,24.433109741395114,64.50119845871882,MERCURY
3.815515659749983,6.183518539281166,6.872842093018456,0.06915679262216536,0.12091182083054347,28.10202428868444,51.34978204573365,MERCURY
10.805979127698858,6.297177951100306,7.487415063082713,0.05003238062713883,0.2414772890788791,32.81301732492579,62.14905742957986,MERCURY
8.554580734840338,2.2846842520464756,3.395217115205003,0.05195626586186615,0.31039335467019075,27.231157527245283,62.64083470687876,MERCURY
6.372459021982501,3.663108322889192,6.8849143671264645,0.02005484709642711,0.32809395766667276,26.00373310561162,72.21903485438142,MERCURY
2.9200056104244965,6.672100326365546,8.015833823443494,0.057684041440117934,0.10055714782002079,28.74864456879423,53.16943815265611,MERCURY
6.988946979615259,7.573532752388315,8.390105781212226,0.05030365885080867,0.10251934240771582,29.93676313652258,65.19381237698025,MERCURY
0.0,6.956574565791295,5.927301498390923,0.07404902495966145,0.09047294811571954,18.469888560412,67.79083858345186,MERCURY
9.16625470672789,0.7733209309838704,3.064501362400181,0.10510435487439804,0.16943893858461967,30.192876929128648,58.493401726316165,MERCURY
0.0,4.5743543830102364,5.203186319141684,0.04200243522663257,0.18853591644936077,28.79280481493691,63.49883048746194,MERCURY
2.943975328210545,6.215461978904847,0.1518847340327305,0.008992850854315997,0.2739180494701568,29.52106081640607,64.42604634925964,MERCURY
2.418205980979712,3.2302226483148115,5.211759756940488,0.018082120628517738,0.1260971341976767,29.95699101453004,79.27305364289217,MERCURY
6.322260989365797,6.891220885790246,0.2578197882375983,0.06318902482227223,0.1196051585272519,28.92203685012391,62.52247581760291,MERCURY
13.281656039135337,2.8139108791502045,7.882818892685493,0.044409850734069334,0.18416945219903363,27.44843832052237,56.54326895505887,MERCURY
7.943604136373314,4.843379444695446,6.723720745220188,0.051690102913857255,0.27979945496122366,30.770525848142107,54.49376678172199,MERCURY
11.475090002363084,2.034158932225364,7.7635676644132054,0.06239477569405738,0.008868310833749588,28.27893773958823,60.31503886639684,MERCURY
4.9649389682585,8.377130826747514,4.038962578087743,0.033872461417639006,0.20756949400050936,30.05676923889525,63.58351413989873,MERCURY
12.665482182677009,6.327439154910226,0.0,0.03941066072985984,0.1438157900648301,29.43808286028827,38.75182943625888,MERCURY
18.19603883487089,6.327565237235525,6.446630411753073,0.07363135432838293,0.4343654052812625,30.61223993376521,74.4881309647162,MERCURY
8.52276009785753,4.646185616582629,4.572613667985296,0.033477760165709164,0.1312985900300503,23.94833210697105,64.24128549314976,MERCURY
1.2613296910944527,5.477291310359277,5.891008175872975,0.05293870596773376,0.14778684299800077,37.23058111054151,78.60115900180313,MERCURY
3.021829999661109,5.582170218567246,4.1759815711880295,0.029710405465851724,0.06599279288760651,29.29665007227776,58.18619764930426,MERCURY
11.871304096100816,7.484455536326097,10.121743155634348,0.03295226467851793,0.24753656106920102,29.8973626499269,60.258218248960354,MERCURY
4.9129121704285,9.023801664439933,6.682487627196161,0.06271935501423476,0.11779239881720727,24.34214660043342,59.30550225507889,MERCURY
7.5039144504400115,2.3394499829566278,5.970465574048851,0.01622989623863,0.08799525775301278,30.012733744830626,71.03790520277894,MERCURY
6.432492938452534,2.4555892273076174,2.9177893454219674,0.04253463508117372,0.26445184916452913,30.784737074032975,60.03468264518031,MERCURY
3.3860302960608646,5.669609094665834,3.5293950881224516,0.039634947222775954,0.33252760904370376,30.481346285697306,66.57974312251451,MERCURY
2.9123239955491087,5.528491418676647,9.18797187236258,0.04248732668468929,0.33511140899867153,31.878235868554622,81.63732832143474,MERCURY
9.220972506125412,6.468479249515031,10.24256186499327,0.058947878741379515,0.14987658922097874,26.654371490416416,67.38554953773739,MERCURY
2.837754312215125,4.641852711589518,9.289641354690762,0.0061749229766943844,0.3534482101794515,31.36712265610948,60.40235384169524,MERCURY
10.17356331148724,5.007869317265817,9.689971105316049,0.06965366285539883,0.05999292768169909,29.76178724039253,62.94372146356752,MERCURY
8.3313302820724,3.179570247575461,11.244411207362507,0.07080123639805153,0.12602288360270328,23.996168179269304,61.14327369022152,MERCURY
9.738010584365224,5.600514609865558,9.75939847430473,0.06579839444361704,0.2969569025752907,28.980566201831312,51.1070126978901,MERCURY
7.217205875412394,7.650224349771664,5.845431214426062,0.060061807372474935,0.1681251684753867,24.910564454374466,63.766559359538896,MERCURY
9.236189772130615,3.360780701346391,5.2928662654299945,0.03121073516028035,0.3119244917564096,27.1166327272359,79.52755545126183,MERCURY
14.114991402163634,4.79738508819564,2.9746538023579507,0.00828204244533326,0.05279629269732086,23.878495525304018,78.78469627461504,MERCURY
8.463298348907784,5.97401131022997,0.0,0.02604067141565477,0.28870797764462874,28.860322337147757,63.527947213144024,MERCURY
10.25936943440049,9.089494515339538,5.336872609388848,0.051387396053161394,0.21925969187313052,35.176328905821975,44.006437355809744,MERCURY
10.732892059155231,4.712994378102341,7.700315178552539,0.03685254892010552,0.195103496914155,30.134231738396487,95.0,MERCURY
11.232144757608285,2.8798360049237286,4.72872095393189,0.040931717832322925,0.0204356827369985,27.00972942489569,72.32829081821745,MERCURY
2.9030715236928195,7.621206627626481,7.463324463253015,0.03531533356057925,0.18584703626621527,32.7949654229231,72.33547813505866,MERCURY
8.035134619592592,4.4057917075975395,6.229827211354979,0.03976472884115394,0.0,34.12653373160419,66.55324999199401,MERCURY
9.592589060490148,4.855230625307728,3.7946495978262362,0.046281510381024585,0.040060523780568874,34.831259494159916,52.654880015776044,MERCURY
3.872134864611282,3.899351989033999,9.864227174557133,0.050290179985253085,0.07638642039695376,31.76301508227202,72.31000626785482,MERCURY
10.15373982886581,6.7893356029271015,13.183085701747352,0.09370189790072225,0.1313284656996705,32.871654978433455,68.83168189758901,MERCURY
9.996383264550998,0.7693229208916783,5.488842703835412,0.0337435281932687,0.28280588148933095,31.213241501208415,44.255136489836886,MERCURY
7.911860543982918,7.80465376198563,5.439963113059665,0.0645812729000473,0.23511654676270843,29.024980695857877,62.286850219317024,MERCURY
3.1336767834571617,2.1961746314374313,8.128057543365951,0.050389165110377665,0.18614877553927753,26.72832987303294,61.94811154519248,MERCURY
12.187647177952558,4.161889795329933,1.9768058600952934,0.06487303551080346,0.17951233361352828,28.094187596598328,81.0757830639951,MERCURY
7.917757770597971,5.722959182796814,2.463229526105024,0.0456066109529808,0.2609526045208601,23.333878798476274,67.0084509311571,MERCURY
8.403164290579225,5.103218638968598,9.11147669597473,0.056688770296970434,0.3478071898356444,25.01923145321789,66.35924567218348,MERCURY
8.33786714555979,2.3268637656122997,8.868885006274038,0.09649346611705636,0.1982993925516169,29.5150632648213,65.84518475815327,MERCURY
5.145661320371296,0.44809930549495913,3.8826795507139047,0.022160832380965376,0.37041020780591183,27.654670918230284,61.54080670952829,MERCURY
11.556615299151224,2.19562224286028,3.699407885986343,0.05136144538497242,0.30287689914234805,29.505055135506364,67.48325142515883,MERCURY
8.312470940944065,6.000589638816938,6.604958715387764,0.029400554504461288,0.20460792216331514,24.77893402324674,65.81082542900823,MERCURY
6.077408234047034,11.348454056957154,5.880316848744864,0.021915208674768226,0.18658197893230755,29.558076236913664,81.73363946152523,MERCURY
5.642190400245126,1.0439300649409002,8.450511034292944,0.02238802588200698,0.1563844558492515,27.227138543467017,64.30366546699892,MERCURY
10.756657828297342,3.290914294284031,5.178812243499718,0.049714592941012235,0.21495979575187882,28.293481524123766,69.3600577522258,MERCURY
11.375358038566949,5.98158528912742,7.360756570527656,0.01835553666507045,0.20502276991656807,29.438522644004827,72.2894119457045,MERCURY
5.230596903064823,3.3524018127783872,4.277697974149206,0.060728277997826874,0.3033881054924209,26.777619678125195,74.07962313627048,MERCURY
8.493919236658376,4.68928555709391,5.365847310546093,0.06493222729204315,0.23255778167870703,34.82747628294291,56.477753570026756,MERCURY
10.072406808119903,3.676997475471218,3.3921390390340687,0.04978265725930056,0.21373524794070362,36.75452066518028,63.15854184316798,MERCURY
3.479285082061266,5.682526793735964,0.0,0.04816086434791469,0.20160252822951605,30.383801148835634,74.73622249427846,MERCURY
5.98572152436913,4.623464963425167,3.701637508167987,0.027438748903846125,0.23098947793806346,24.1792433542102,60.85373099428137,MERCURY
4.019304160403051,6.374207965725649,11.404290297799463,0.023968240343933377,0.01469815171024308,27.625339343949797,65.15697795957759,MERCURY
8.87463722702919,3.884198711914138,5.398082103523705,0.05735020821081205,0.3040430892644839,22.13485368904515,61.310605609685375,MERCURY
8.855235175764253,2.7050597384731603,11.1935088953019,0.03729180239542526,0.19587073129927174,29.668066290526873,59.087152111981055,MERCURY
0.6137078087823316,3.9283636827086665,9.088321667781122,0.04326209746429723,0.11535656985410214,30.777016628508164,61.692251039769474,MERCURY
5.9593567453991305,5.373640224158274,8.312250628856361,0.09763427063465092,0.2827236107657423,31.479519899165034,59.940338010121444,MERCURY
3.8965275761220948,5.1558283740478075,6.321509745778789,0.02842974517270806,0.18247054700959872,29.197952805157392,68.6039339501808,MERCURY
10.01715141353709,5.727411825343608,4.478974022189833,0.03972198746702314,0.08010486020061242,33.354325117555284,65.13450364619293,MERCURY
7.100587776820593,2.678019796368853,14.806973706983335,0.028533439355542093,0.15711520743939267,29.24751050885818,71.00212965744278,MERCURY
11.831728220862736,9.519021269423158,7.518472966382137,0.028879384000666652,0.17430548748782185,28.923497117541654,85.68226041505824,MERCURY
2.408778086302812,8.006441263063069,6.53974310863925,0.06675661070458962,0.18980052833640682,25.47270210962102,72.50872779401332,MERCURY
10.617724108422484,7.430142414349305,5.960086093864094,0.038003559533603015,0.04412130049761584,30.458119804418217,69.23889482443985,MERCURY
5.171086835680204,5.114992143461816,6.899585346218517,0.0020340311360351635,2.51878112407384,24.598508929580937,60.87520988112063,H2S
6.306512508352187,1.3054827769663797,18.101656037562666,0.007505081462058461,2.5651766941760172,28.81726418996083,69.17465089821295,H2S
15.955429273867384,4.134882406689725,13.914480527920919,0.00390418939158613,1.896965114997664,30.17240967794349,77.90758424122428,H2S
22.939544867653424,2.800961572184253,12.145138582863549,0.004180397512412934,4.440030452628838,23.588531346306247,52.37230224301436,H2S
6.1206258841675805,7.276374159838296,6.115134300577401,0.00631810868782684,4.732273541909497,29.79873262373607,81.18787639660869,H2S
12.079133147276714,2.7408615138094152,15.135194310922529,0.0037896875287880055,4.592502199622684,32.721202649665315,69.56688010730399,H2S
2.5192059341767514,3.7862574172157295,14.95235010098311,0.004661754628714368,3.595488241930599,30.276473248490827,71.96322862080324,H2S
11.393999061927303,6.26966070072837,7.592991994204392,0.006715797650582686,4.164283437281352,27.228099998146632,75.82112312993141,H2S
9.354829424351081,4.0191823898296235,5.5846318549349485,0.003042518327380468,3.1731079800755753,31.701172835008578,56.94904818969491,H2S
10.942378805090515,4.701587290304054,7.8286093142785305,0.0019799175760294957,3.2353541250121554,27.418883860585115,70.40287944035695,H2S
11.116404566276852,2.8056275626678415,13.878892098195942,0.005420606080443991,3.738072220612984,27.972452939844583,59.8224255277778,H2S
11.089011698743631,8.664559525750038,1.1389693889450028,0.0039224783253078085,3.194063635515693,28.768511817082835,76.93311005927126,H2S
6.141295927016088,5.2571335361375535,6.693596502090525,0.0033969448197909173,3.083376205865285,30.312406659963912,54.461645046356544,H2S
12.139071975764516,1.0433421949358257,6.473979016010073,0.004341021399564028,5.509831607496878,27.175593085741937,42.987565265490815,H2S
0.005555465693751316,7.119103552213383,11.76196885105459,0.005750911715254506,3.7010841269611885,31.486778792517,59.60408779262868,H2S
14.474552780134125,1.2879479024075398,4.927734751778702,0.0013859172101363675,3.1701856391962493,27.861216348200973,66.1410149222652,H2S
10.309416764435676,3.753563342158952,8.143916200140529,0.002005106662788503,5.135874770158701,27.089121781305998,60.11113880956309,H2S
17.944701642220416,2.652137132577698,3.934857986856139,0.0028075593502628698,3.418554341960622,29.294894888912793,72.39675468117834,H2S
22.859976587474844,0.0,11.739310151059875,0.0038857388548555376,2.796301821333472,26.140683615238366,55.91230329192027,H2S
18.422624173017258,9.948040644548659,9.104381903508187,0.007702031504974001,1.6849652416413494,24.00788460600722,43.22032267805312,H2S
6.502927299383563,7.565944843466635,9.462863600695503,0.005298683822119761,1.8067318027207018,30.409464227842065,67.39627518238999,H2S
13.665271407329993,0.3753323784348188,10.401708864590054,0.002624469520164946,3.023212096938366,29.60309469590915,65.91093606255913,H2S
5.742300101103406,7.021956046645464,2.1080910814036065,0.007300534791796593,3.2536591766044984,31.355649832765977,59.73468312903957,H2S
7.382120057967086,4.325346246767538,12.942782692618838,0.0035811376853430487,4.273514518898212,26.85264280699213,45.240367001083804,H2S
7.14842966106767,2.8731212497300316,9.15256225657052,0.0026191845286510198,4.61117012085754,27.726772418940918,63.22404005241261,H2S
13.279460688937913,10.373674269265518,8.909555617036567,0.003457599400901419,1.3712364606654446,25.941850728894458,58.827877533520386,H2S
10.535287264961484,5.791985916016905,12.095698374231427,0.003774033457458621,3.43155059977647,31.55196232959067,68.41825213954967,H2S
9.699812291557178,4.89319445322688,6.150458714782603,0.003298773494096105,2.850791761060521,30.266997516232944,62.781117287077315,H2S
3.2511346530938443,13.188592525709243,10.439843360153233,0.0021861131989736613,2.9697812873110117,28.332659148485252,82.04592093297377,H2S
4.459437708705654,10.416142517745813,15.297688921375544,0.0037426913898508597,3.16698365736772,24.89107225787869,62.96538858919695,H2S
9.817050128285345,9.308774993288296,13.905825619592012,0.0035038078707567057,1.1392099229288069,27.936265662171273,67.9353752996864,H2S
11.247088438425209,5.856643633718346,9.561384448487706,0.008030889616704496,3.9580810027550113,26.87989472499075,59.99802182904004,H2S
9.150738211611348,12.728589866407239,8.175146807132112,0.004960411310958584,2.9212237148764366,31.296950072325895,84.59837254744676,H2S
12.253065247156941,7.28970516324899,9.165522749284056,0.00023138642242850893,4.394181037141781,28.40249924798753,69.28342050660726,H2S
6.4426890295814765,5.654400923580179,7.150387785735721,0.007043245968146077,3.0454881960762883,34.24798096632939,69.30862419015037,H2S
3.621586700021342,6.550087973618151,6.06746195029613,0.0006112350603599513,5.419365128136548,30.10942762666001,70.33207317899313,H2S
10.827018301498521,2.1629385095764686,6.823722872000535,0.006683561549568026,2.238535964260997,20.404692051247558,62.72893992219074,H2S
9.291212229862307,7.474471957451482,12.278333895815413,0.006275211624462417,3.810523766292706,31.586594164260127,49.81030219186685,H2S
12.522909072386952,9.192884271679299,3.421969712638922,0.0019942587826352214,2.6048694482292785,26.015375672454123,72.5341946350243,H2S
6.9273060815445255,4.002780186015786,6.247648184874484,0.0072372646683084236,3.5156520492523424,27.462246923929264,63.899945012989484,H2S
16.460301671632614,4.377898956888654,14.919787309230468,0.005420992597843007,3.3074967416295826,35.502701493802846,54.44360510201403,H2S
8.23157120216497,2.6864906629259995,13.286078867412762,0.008378377867303359,5.5039073376855665,31.671846259438013,63.02379532204034,H2S
8.173795112550767,1.1509057962707718,18.161430908318067,0.005937956156296936,2.9096517141566203,31.984170666960903,55.27235483239999,H2S
12.033110171113371,6.395798029982078,11.874047129461355,0.004872852921627757,1.758886530666531,28.226729118010113,75.48864141875362,H2S
9.853917970730073,9.712902925561801,4.295117314466761,0.0049474784134602955,2.750587453893707,30.240942520314128,65.31491562261996,H2S
13.450368381683063,10.806986491552532,12.112283588046248,0.005546236868587288,2.3021452897863135,27.991641667999296,59.66909597984167,H2S
8.279680216478868,5.6891304723741225,4.5903349134799,0.0010853228217320206,2.6982283420066797,28.580138355772476,51.5182295457251,H2S
10.078411182358122,13.650939485088376,13.603754498635077,0.008287083018241059,3.9693534523192713,31.502529468959338,57.760352695322126,H2S
6.7782986648900785,0.0,14.337654633190345,0.008080647959639772,2.836187305583276,27.238144880808296,57.46137886309039,H2S
11.913267757387459,10.937263908561343,1.1575261175353155,0.0058188770612845045,3.1679938739370255,28.34018317590007,69.58994001674291,H2S
9.058987806135894,6.637446013079768,8.037561746004124,0.006940632403576563,4.002511952152996,28.66175061321208,52.290482789077174,H2S
8.10710128393423,10.14534206118711,9.169634579057654,0.006319062939178277,5.61981416039316,31.11581820762645,65.93158337699742,H2S
7.445054149021365,0.0,8.242267848872164,0.004347975008366302,3.968439433274451,27.538284319075938,61.79614940563206,H2S
1.1030053474638972,3.710112597974767,11.14492968360251,0.008431815262265389,3.3829695395052517,28.983433220722368,74.52478156952806,H2S
5.945530318998752,8.283849151499048,5.667794521505287,0.006729648876982023,3.681683657542079,28.895355441944318,57.17401402581411,H2S
13.535161798053924,14.296495224308556,4.464397370573073,0.004320481984704952,3.77792896900171,30.35921863598745,59.40453714710531,H2S
0.0,11.757163229574088,12.422277538128641,0.0015141049390266698,2.770917449864533,32.70454728858198,79.47796418457867,H2S
14.693200113394724,6.383606481140481,9.373443384656294,0.004738148389747747,4.853887739922605,25.37247278051467,56.94200345115795,H2S
15.051372934180078,6.844734905709534,15.203103099542137,0.0036569755860389086,3.4342659675934097,25.23276104546814,65.07362681423567,H2S
2.6072653150060052,5.29328302665763,2.53685760782347,0.006387846466382517,4.359907207711582,22.809211808546966,78.33885745500572,H2S
22.48707563209927,7.161022353577193,6.114985828989099,0.010648661182006093,1.9172378020369871,28.060319400607295,66.79622272631923,H2S
16.725738102262074,8.25908641294376,6.756147468951969,0.003097631259224088,3.0898138157046375,24.97921791716457,65.47825319784683,H2S
7.179019100697568,1.770867723485873,14.648156047687067,0.004004654953141921,1.9782358340296249,27.495222596537374,65.6837156596766,H2S
1.2676663721048325,8.16076683494017,4.287790940893809,0.008422057618381575,4.128752614492082,26.80030002967205,57.5483222968265,H2S
9.47516146218188,9.144767595541515,8.885276421366601,0.004565682385726287,3.5700443489814746,26.188423206289137,61.56794073156962,H2S
0.0,10.408041807983288,10.344590011447929,0.00345308831193314,5.778481977626287,28.26104944117716,54.63856428024803,H2S
14.283687107352293,8.39316875778242,10.775609934678988,0.004148488790696819,4.040594868533642,27.214725129336717,70.55941451645842,H2S
0.4752777299468054,5.481442879572838,16.749697940136876,0.003465865089199399,2.775394043008176,26.656115984650075,52.85193864111356,H2S
0.0,6.192947605167355,9.611367408367457,0.004894989862922696,3.3261457256625357,28.129122612551164,75.22841471550764,H2S
9.047769070353915,4.990710980194557,7.734935318003611,0.006158693519513552,5.1944322542518995,26.115568782492467,65.98933787028884,H2S
11.691787209679799,3.52597697644912,9.091877252458131,0.00206865228531581,1.3771396355127217,29.10023922367677,61.16125258669217,H2S
11.011402038106095,6.937367580470775,4.606199781012911,0.004909491396071327,2.020278433982174,32.172917074004204,51.440296551400365,H2S
9.021073645157093,3.3520494418346307,11.56689528012358,0.004337137257436994,2.8775999364545477,30.559604635154663,65.29430591677553,H2S
12.583222229679837,3.565359222188873,2.678323752326219,0.005214415924080267,3.1173843734063227,29.879304017361832,64.20091547337451,H2S
11.025376696173149,1.3181611452056483,17.497966228264154,0.004671516029935936,4.337104364407039,25.491724989341122,68.08009902217341,H2S
3.4857761823762736,8.582237433908848,7.398116620263752,0.005058381007871135,4.337568836156117,24.30237906633916,58.15508269387203,H2S
12.286621405433827,14.343775160913614,8.378629494023333,0.006182272235847865,3.371634236169824,33.8267367842689,47.52778333034745,H2S
10.47310522334679,1.3105958825327866,0.0,0.005594924106235633,3.6673973553769508,27.145489186773396,63.93805909960247,H2S
25.49149717035629,6.096387016889979,11.295559625625337,0.003701270360772238,3.8542790900487236,27.285298974833147,60.8948151727027,H2S
19.094492661001624,11.120147371145187,9.615359913296539,0.00039157612811206634,3.0667889320969164,36.10908269321525,62.69338333360292,H2S
15.516087860268291,12.046798406834103,9.985337621351889,0.0033163567362636953,0.5776252018605339,30.052489625826865,56.85243997176452,H2S
10.880752259438461,2.6256288114372257,7.80643106788409,0.005067438109802106,3.8223122972531574,24.655533437942758,76.96910948761352,H2S
7.0155260763401435,1.1393568884136416,8.509394610164414,0.00506875061805292,3.6927073198061118,32.086397211055235,62.6355116326414,H2S
9.401901878156144,3.138854665684173,12.692490762995536,0.005368618128156207,2.995966727247005,22.285975919603608,79.44412195055088,H2S
3.8616001777197138,4.93052696720603,10.612550299842015,0.002606884142766627,1.7077882660962278,21.628157251898006,72.20996952905635,H2S
7.27406877636839,17.245445323656654,4.52540220466107,0.0031570979531421574,2.8215284356575183,28.729403965415468,60.29796661214689,H2S
13.06166107001256,3.5749406350397095,2.7828372669138854,0.001403570521181785,0.8317109984753639,26.44579294157483,61.99019687606778,H2S
6.842814862584083,11.351920290155068,14.526135943236607,0.004330394025110996,1.3472946641696444,26.299884675834843,59.00178606082939,H2S
6.71432518860971,4.557983836356144,6.0594169692383675,0.004226916768204481,2.737350681421332,28.624967525876777,68.6036871590486,H2S
5.446774564087551,11.448728641024617,4.589719641717236,0.001764398772369326,3.956933685638062,25.54777559675698,68.21291470757387,H2S
0.0,11.873595795190736,12.02532033618181,0.0019990469016739967,1.7254674513844572,33.016797712292586,57.626200965020416,H2S
5.829075756336881,0.0,7.421498074793006,0.004544560770328494,4.3585917161233825,23.802764715446575,49.7971320775939,H2S
12.254813173882384,10.523555249294727,1.9298144199695262,0.0071630281725994826,3.545050209784186,31.275416017223936,64.29779638482384,H2S
0.0,6.468114161893864,13.770647184020714,0.0032125079618325714,3.034442037311057,27.471599489347064,36.00486120131518,H2S
18.35673787718738,3.8451851203598895,11.275809446127596,0.0048265977277035825,5.009142867631232,29.218168367284242,62.65075728479025,H2S
5.532424537403599,9.792477454837487,0.5695141322042243,0.006291780840551785,2.181146298134153,31.75685098586992,66.61299542662695,H2S
13.220618839250545,7.286960848386518,1.114303071865515,0.003278541673209323,4.306867205133659,28.49996745207953,76.80989905305672,H2S
12.016372815185859,3.6165433825406907,5.417711380257147,0.005205834781046474,0.7231471207998736,33.020325656868955,69.41746736377557,H2S
16.13517298524436,1.4678862071679086,14.60054322159865,0.009462997822055497,1.914945973547219,30.3142053847113,65.01109944687293,H2S
2.2778307587587783,8.725093901481545,12.751214421768069,0.0037977468946623063,4.899099824306267,22.999709779632408,50.052438535503555,H2S
10.682986977943761,7.088848472902951,5.775419302091526,0.006619188871943772,4.137073177059139,30.574417212802047,63.76863564647732,H2S
13.012901339891705,5.440223939395019,18.24218410538968,0.0033749084597560286,6.026356915349975,28.104663841268227,51.24489110431257,H2S
16.840396752443006,7.440654859382357,12.83005844271107,0.007447711837085187,3.9055466649740302,26.223277465561555,74.7571337766925,H2S
10.003777537272978,9.400502365129466,0.0,0.005893963434019704,2.733697009825964,32.95992891153559,71.23087347889096,H2S
11.199288729246483,8.702084976725775,4.507016162054768,0.008246513381056107,5.8896445021002855,29.17874053164465,80.90403568573639,H2S
7.15425900663733,4.210102518212567,9.184161369280153,0.005869882076735797,3.0272159825082556,29.613304571105452,68.06389482073413,H2S
5.008466123544725,8.815775561081024,12.885877091346845,0.005342938635180782,4.883177723914031,24.347788619509146,69.67950422131852,H2S
4.148596468016126,3.1007152461841936,6.160811248179945,0.00311587963285151,2.8424050175106346,27.357549067866433,73.37154486331384,H2S
8.394204806471487,1.4503100263064255,14.130305309228222,0.003325819732769921,3.4295354874744457,29.339609520822133,66.99610418402783,H2S
15.470897737607377,8.676511001874657,5.124106891363014,0.009357124347983324,3.73320015600588,27.55797932013548,74.63925423055571,H2S
11.247254729650361,8.397298675287646,20.21482799370309,0.004449757143489907,3.118686927179125,28.349735536037393,75.71515935581039,H2S
2.4673298490480047,0.12055437983223172,6.357981282209336,0.0017321540818814258,2.990202382969234,29.50749908838787,56.09251136447736,H2S
2.8658671160932876,7.242680066003718,12.881445680768266,0.001610053122966775,4.484278877967181,30.45191861121498,74.54085102156628,H2S
16.09240107435843,14.707048736308657,7.397585781214252,0.005219143160155717,3.0002738801023696,28.00593053426743,80.32873355636312,H2S
3.274927580346656,3.9863261474204856,15.197314214270527,0.007040073013804179,3.0642420238195065,30.56320600336216,68.41215842492034,H2S
17.50137304500494,7.2607835783937045,13.61534451242662,0.010284023820985241,4.217718986056959,28.14798449738453,72.2244698522098,H2S
8.173595708980576,15.357886969336562,9.810319669631916,0.004454133359548975,2.4971731939759567,31.291660574819314,73.67187412827738,H2S
7.513228142929534,9.01757970792848,2.211498143042146,0.0053699411501463125,4.0433076224920335,33.121989428677665,57.291811972713106,H2S
3.6082368559883786,3.866002136762354,2.9854417485828604,0.007673314715517967,5.358367154028844,28.960649733846488,77.21294945685148,H2S
10.669791902901176,6.667109233047319,7.5013307142580725,0.004379218017244869,1.6426381324291626,28.792764290822017,64.59666089785956,H2S
13.72680362038938,7.327332237535134,8.267833342939086,0.003257613939984739,3.5865838841861137,30.214711692448486,53.566610089161394,H2S
10.437368768403696,7.8156503303531935,5.76870847371781,0.0038242873901839997,3.776733018519457,24.59973694512213,68.49923715249392,H2S
5.523228131704,10.719987925616257,19.52022485424735,0.0032784863965963605,4.141049434849609,25.819774285353944,75.40954173797789,H2S
3.673707954573925,8.682053654496993,5.071549648997912,0.004586030821803262,2.2627696698232316,30.467051412687262,56.63019645560413,H2S
12.759821296659137,5.795656901081834,8.484874326905118,0.005295511814800257,2.5858103940093815,28.63110134062266,80.3033456435441,H2S
6.109526070836429,11.101335501458458,15.741439350695028,0.0033676900219439124,1.7539344738913376,28.905882700515296,59.52592477233127,H2S
19.34301609581501,7.121826391749413,5.390102663841693,0.002705680977976577,4.807885950908997,26.28644807774744,65.43828799460428,H2S
14.779013725562404,5.3050957682420945,8.793320270669277,0.00496686318035496,4.31998941381931,29.77223300653098,62.79886268745172,H2S
10.318245307482588,5.698773459667791,2.350744168862499,0.005515201714796259,5.770630112999681,25.34884257792681,57.26970290397297,H2S
5.646361141781293,9.536071225530929,11.01818454388398,0.004682924615167086,2.398377126033242,28.27713037491977,49.353778726641956,H2S
10.717132834287465,10.05033535130777,3.3696038851484493,0.0019349634463406728,5.395325470033831,26.164721081486245,76.35947845943822,H2S
9.230011674010841,6.433158140705354,10.972857147734903,0.0032320022865071187,3.658996572194775,26.85553175552772,51.795065565949685,H2S
11.687410373631995,6.0784226759272935,8.293388271998815,0.0025796781131716844,5.4096804413153645,30.630142559158347,74.64155884171979,H2S
8.47277648779159,0.947859886738029,17.788128221202797,0.004877804983988264,2.6014402447759357,29.250404723449343,76.67120788003297,H2S
9.884747219572668,11.475013087787811,13.873499723325908,0.002847237625195883,2.6914518732086283,30.8726114898393,37.873874361895616,H2S
9.252721534175055,1.9920907943136488,6.855507893549139,0.004402359821941592,3.0701067465109904,26.343216243662173,54.02856350371186,H2S
21.45955633409343,13.536117014564727,3.7707038088467266,0.008164233502607135,3.0206414114325764,28.38756241999513,64.36726040103085,H2S
6.70125679373017,10.443483202621513,9.56648938759496,0.0040468971535615175,1.934492667439433,25.31921495884264,48.586198843979034,H2S
10.061117742075847,2.8116704270046142,7.804977693666564,0.007740203707220741,4.939159487505902,27.903169317692146,64.12915273856851,H2S
19.39937274710504,8.82264642125549,7.524870930555647,0.002147963765759096,3.9726478617976917,30.48797131774859,58.683484754863564,H2S
11.456013775690163,5.727493467797398,8.171854203604488,2.4355884875337276e-05,3.2338623155406374,30.908107907224164,58.68597444433442,H2S
10.262631841076582,4.354172526578278,10.621987543317477,0.004566953604927653,2.3729101511815918,31.997654402995384,74.28932013532216,H2S
6.975466180359126,8.74225908296222,11.418354012691713,0.006284602470022352,1.4668929248059066,31.019819623097884,59.30301037074268,H2S
8.210860332793665,16.2325861329107,10.358430213244553,0.004227355049105649,0.8536467526929128,32.169292401839066,51.547903291913975,H2S
4.982805482502482,5.840266953192527,15.373853062651317,0.006546479973331519,3.310594988191688,28.924876190916464,58.99614307128894,H2S
10.698268447826754,7.2566786067234785,13.35946453056609,0.006934356244877899,4.092772858646773,26.912957327361692,72.41822294390127,H2S
9.540157668984767,3.2132997095040348,7.185204936400776,0.005169053967568649,4.592258940397694,27.44941548352854,52.90801288760394,H2S
10.283708416484098,7.397096140197934,9.83626933006239,0.006839743031908861,4.722707888107879,26.217367382855,58.838565419510566,H2S
4.799006445222634,9.445854845981668,15.51969048751972,0.004369836144182153,3.2102833223300085,32.40034767069693,70.05557853215008,H2S
12.181178524005276,2.831792229091956,12.054276311757386,0.0031417273189804835,2.1391757768780506,26.959685269699865,59.1420727655131,H2S
2.667600458422441,0.5590183654750813,4.438224459701509,0.0015638431472582144,0.002632876292959288,30.93537341699965,56.894713701783736,CLEAN
4.285463305474179,1.9315535073335843,3.043163346121498,0.0009074511752893906,0.16060646021167432,24.281235962424915,71.07840338735008,CLEAN
4.651995247334326,2.7163400805404105,6.487048371485127,0.0007355266186376506,0.14786524112967658,27.68172809397574,77.3340607635267,CLEAN
2.9884665064179456,1.6121242181375304,4.959108305807444,0.000754219030490535,0.029363712054972194,26.449459350478513,71.19032946588533,CLEAN
5.088058127380637,2.111129375296512,4.977295600851038,0.0003209125392612032,0.07783682675910486,27.134274648537698,63.8544057252748,CLEAN
3.1261415823752947,2.6909109573921928,2.3327897427442643,0.0010695143434765629,0.09774385548379742,25.22233028832655,63.863333109185646,CLEAN
2.784510705154323,1.834919434996954,3.047639184872176,0.001037836770306693,0.07838524104463349,31.818144201913796,53.305193707969835,CLEAN
1.9185448372951557,4.779963624223556,1.4430129675161552,0.00032312266264512065,0.1367238372500609,21.76864043867838,62.64726090027561,CLEAN
6.218737387614732,0.4550640778465995,0.027053271391929812,0.0002504093990211509,0.1449179784173493,31.374330159957438,59.87411203021491,CLEAN
4.024818606001603,3.3902553275119898,5.681019621644738,0.0008768323594100759,0.0,25.53736323277094,60.73195805064742,CLEAN
2.6115918051324143,1.8121405989912804,4.678341896896004,0.0016372142133437907,0.09141631730376083,31.295454628155454,68.57661366631089,CLEAN
3.0967589592938576,2.906544157109964,3.108378072356874,0.002028905588548881,0.028079441660272042,26.454487302723948,63.7348110304605,CLEAN
3.6591790356869858,3.267960487103089,2.963402149145765,0.00028888517524689643,0.14212569482275023,30.264876298425893,45.58141340620594,CLEAN
2.994293799493801,0.4098581693197021,2.003023353746906,0.0005485955365186002,0.1404632349120993,28.35049052251655,52.144089992439724,CLEAN
4.320098944436014,0.5661941760715856,3.4951706857064155,0.0005929946653542221,0.081716145873474,29.512812244115153,70.21449399059529,CLEAN
5.005453610333941,1.9177463003285469,3.459676294445011,0.0007811313387978377,0.10909949413113988,29.318458144025534,64.01690152545623,CLEAN
0.2943742738612558,2.331470896330895,3.5468422160331854,0.0006599132618260245,0.03578064819637429,32.4276374515119,69.91445510894403,CLEAN
2.6563784536174353,0.8629671168525126,1.7672777573679812,0.0016512951983931158,0.1068830970434023,26.34823879899788,70.09689231224657,CLEAN
1.7784027188305145,3.5008430302803784,5.029200802345088,0.0007667129643986117,0.06856648764845699,20.14560040392316,50.18419228448632,CLEAN
0.9907953375633656,2.135190340987386,2.5106494433379605,0.0003273322562923793,0.08594179787677214,29.516011442942045,70.27839349915587,CLEAN
0.15049457871167826,1.8717365195161693,0.9249888345425843,0.001450864348570137,0.13920732081767492,25.305918321026624,57.339547975996,CLEAN
2.3080994242525392,0.0,3.503952260160865,0.0008635777268299347,0.14850875412839296,24.704772346112343,58.80877051750068,CLEAN
0.740212112941327,0.9957094365057468,1.2270270058976716,0.001497986839423223,0.06508690756243038,28.372527054233842,61.19236596138195,CLEAN
1.0958021009807806,1.8316995768283573,3.8986549977953917,0.00039612030372832387,0.14045563953656895,25.45083723556691,60.170160739271594,CLEAN
3.796024684515072,1.336563842780512,3.0563622890037982,0.0008426545856059538,0.10646840033519094,20.85778268342951,46.70318184791917,CLEAN
3.9239505090702576,3.0371814056490503,1.634269944702718,0.0008779858239144328,0.11473596264511508,30.079652804976114,44.723227283291514,CLEAN
1.6709396295324344,1.667420620150125,4.054710295854074,0.0022492152418607473,0.0885997136595141,23.779067613688035,69.02268077201298,CLEAN
4.981493684311065,2.108014120979501,1.6400271822685608,0.0014789969707400094,0.13317728092492176,24.921757467413126,68.81425617534342,CLEAN
4.495898351488309,3.1818900425588934,2.900326537035816,0.0008209602769103406,0.16136369110406315,24.369518491057345,69.38579290921005,CLEAN
0.944960058953356,3.065376272259603,2.6129317265832577,0.0016342916178237348,0.12457063781777636,24.33033930981421,79.24627732077244,CLEAN
5.326867899641594,2.8822864925992158,1.8576182024456702,0.0008469930228212956,0.10727136087028798,25.8888688020057,81.92346572463205,CLEAN
3.216489707589055,0.0,3.5090337191343304,0.0008259213015913434,0.09625367219407761,26.8941419026429,73.07046416606687,CLEAN
4.679531667830072,2.283053162258654,2.4910332192927616,0.0009793313975954149,0.10097998082888142,25.59270988040549,70.78928648571235,CLEAN
3.6900634857906995,3.5404412397766736,4.883024670432713,0.0006571625412049349,0.14101491872544825,25.147139850716584,71.9593210094085,CLEAN
2.225078701859838,0.9767467766244156,3.4200680140461066,0.0,0.012451221279738606,27.467524348677152,65.82441766634842,CLEAN
2.4460218447627167,0.4205637012824013,1.7731622367922417,0.001195604663618697,0.12908908853141815,27.951330647212178,76.56833781036988,CLEAN
3.5960955351888515,1.2525443460417878,2.579246919882574,0.0002985669213960726,0.09459305048042917,31.336301857664015,71.85290084710968,CLEAN
5.103013988878683,1.697114756201007,5.0191496917713865,0.0009033478867760151,0.1735792541284947,27.93442975767363,72.07231373804277,CLEAN
5.2126685464647835,1.8065723714187945,3.3275834813162612,0.0016444317126031512,0.09334984180349683,24.037323152481516,86.4300705458491,CLEAN
2.295353303494295,2.158756050937543,4.734010004176691,0.0006957530481343992,0.049606604338893495,28.7612118903245,47.069236020876104,CLEAN
2.5681408846981197,2.245038664315406,2.5950721547622537,0.00022827452840712653,0.1797088978102006,28.310614461847525,79.31152117761741,CLEAN
2.609945624729333,1.119988018309236,3.40377138038274,0.0008921064368358902,0.0411119271004321,32.40935277636249,58.77729777106004,CLEAN
0.23960042280664728,3.328166053957333,2.243552976281065,0.0006960880536921879,0.011730620648501305,33.22282445979097,52.105194127903125,CLEAN
3.087674221058475,2.9126203225404406,3.6325753995046455,0.0009701728440039042,0.014916707085629186,25.570825492698148,66.87800338042523,CLEAN
1.8192388950195055,2.203359459998768,4.022615113222713,0.0014812514429000509,0.038691032109365836,34.58993816493686,72.67479344554131,CLEAN
2.997428769496404,3.0895365830766406,6.548111657999961,0.00028063994947156523,0.08873686787543232,20.864705020380015,66.92651532648024,CLEAN
3.5480913628877113,1.9608378845572405,2.018199643502535,0.0,0.11867668417058844,32.36630345174598,59.08981544266568,CLEAN
3.6600898935347175,0.43185568657994944,3.6858195955387707,0.0008033088511276715,0.061879102469854286,25.718909076351608,61.0638841796699,CLEAN
3.573649973538803,0.6878367988044822,2.4043270026482206,0.0009792641110004262,0.045048038773407045,33.38999560502505,56.46504519938658,CLEAN
1.9958446295497643,1.021692050177502,5.697720130707176,0.0012764526142997408,0.05317039968781789,31.318694676579906,67.00698694288879,CLEAN
3.3858801316672524,1.6555227912475474,1.87587601956454,0.0011688830495273008,0.07274563850022049,33.45026688872532,52.30708894756896,CLEAN
5.304235159282418,1.8886811512021993,3.448628601031659,0.0014165788833147173,0.06848753524977819,30.59274515409591,37.92456144618823,CLEAN
1.9200157001670912,1.0759371926589347,1.1197409814423576,0.0008925225809605245,0.11928749840908474,30.107979995497917,67.40876757200408,CLEAN
2.0014598026596797,2.369016437825167,3.186428542276276,0.001468028083968008,0.13884683514657584,28.091429241761887,56.02746993838743,CLEAN
2.0205747662518787,1.4502106403619668,2.5271004991256163,0.0011340252137948766,0.13575871950640292,27.846643920953866,65.16124787900472,CLEAN
3.2149594575000053,1.4840946868676599,1.611911613535566,0.00012228105134464502,0.06524253209615638,29.41943635980336,57.970885619604324,CLEAN
2.6432894438610903,2.466431287412317,3.781034244634003,0.00046023357391698056,0.1498529678226821,31.382050268066457,53.70150142781441,CLEAN
1.764244695538269,3.1910906831461916,2.7797197181170485,0.0,0.03001592476336569,27.251891124482555,53.36957349715398,CLEAN
2.379864344045338,2.0323962136835787,5.193381906052093,0.0008547730418861056,0.15362708997863794,32.286280486110314,79.34309669352076,CLEAN
3.4271318900783525,0.036710852161025764,3.691237298105798,0.0015241999439067704,0.09594664472822916,33.233751610225745,73.59833561467458,CLEAN
3.8524100657291767,3.086380711205838,3.500054776891317,0.0,0.07504305242648172,31.59150408174356,56.92408659901704,CLEAN
2.664791242144591,0.9551636860969288,5.675883892802654,0.0018407462287090078,0.05580655524296354,28.441894001167253,58.19505952235952,CLEAN
3.922416958547067,2.509683077242329,4.2175583574198985,0.0011659592238539437,0.24677031031942342,24.916228704967782,47.89396645563485,CLEAN
2.4103646989478076,0.4320117344397325,0.7613065949910105,0.0004993426729010165,0.05389055472841863,25.136145694149818,70.18218950445412,CLEAN
2.2407164083719957,1.8204854251275198,4.341349161751403,0.0006168387376092869,0.0867727050647639,29.097279958278747,45.584321993797786,CLEAN
0.0,2.346117328797723,3.7380214208503477,0.0020321100674262054,0.1079047437933405,30.459219151774285,63.04527356414026,CLEAN
3.4458408323776295,3.667256841749534,0.0,0.0012068081287858403,0.20677933650386832,28.846102657628027,81.50572963232848,CLEAN
2.0561817757058365,1.9679525058362866,3.050287053582881,0.0,0.04159110860748999,24.709374761848043,73.22066078032528,CLEAN
4.308229658526082,2.324036442706533,4.236154345283559,0.000917925293639113,0.16009658347697717,28.026365327896215,65.57864047426756,CLEAN
2.601611050106383,2.6844504776364277,2.3682017750806303,0.0014882156885990341,0.04339254296419967,24.70325123581542,71.87426755126504,CLEAN
2.867183678125481,1.5461085838468716,4.33508659871319,0.0006963692929569578,0.08998993728498152,32.19768385021348,80.3914234581065,CLEAN
5.358597315405491,1.7178742230660888,4.846054357476705,0.000525523586115661,0.054654856263896955,20.948632442126915,81.7286820189853,CLEAN
1.7040302263858826,1.87346742025294,1.6345134871075742,0.0013475826241650703,0.081218316964133,24.085549328701152,69.4166256418606,CLEAN
0.8494049627846572,1.1625942746845088,0.0,0.0002880209439011966,0.10892645848602389,22.106391885691224,50.18854275378284,CLEAN
2.996446625800788,1.4563931039069473,5.988054953938963,0.0019169482730121879,0.05660387686244232,29.671412855210445,72.49282556879452,CLEAN
2.1037817129633947,0.5044584635017961,2.9815523260379138,0.0009135771625929446,0.07821177515146904,29.326950604493454,57.492703929944014,CLEAN
1.2720036786312854,2.109082970349832,3.578955138853314,0.0004116775280499735,0.14640453054955407,22.688556586671766,59.21886541284357,CLEAN
2.6129871957035866,1.3637762873480703,2.152409289673211,0.001935537241154057,0.05745579554805507,35.32366516741574,69.37126779731052,CLEAN
3.138082705967988,2.476240353387666,6.794891623877929,0.000503203498034276,0.04397910405318054,25.735401410284236,65.3214314696456,CLEAN
0.4113433127811401,2.022339239318608,5.540320700120509,0.0010757036953123887,0.08536572705123616,26.145518653949118,73.98511704551565,CLEAN
1.7612508401429285,3.8463959205992477,5.900039621571535,0.001128375399330894,0.09942424559616775,31.091979424724677,75.94798502227326,CLEAN
1.7910124034108768,1.473444866863298,1.0164788479750566,0.0012045324691670285,0.13333139417284454,23.95022308641618,60.44801095183841,CLEAN
0.9791191236279762,1.1012001897561623,3.8265255903394495,0.0006332589666608603,0.08495870219838507,23.118064816158054,66.86990209724664,CLEAN
2.933590020233027,1.2710407499668377,2.7164785534762887,0.0010901474402517223,0.0592565925545328,23.57121236799466,83.05574432686815,CLEAN
2.050090942934591,1.9032398968131106,4.51625960253047,0.002764527593785242,0.037775677505556715,29.34948164117953,57.92447714705894,CLEAN
2.191814543134934,1.27978797899321,1.3115175482991226,0.0009793543191076693,0.026274865647588228,30.840422699535612,65.55002936033375,CLEAN
3.6336524593521595,1.5338113880537771,2.4491940986823777,0.001143781952583664,0.04179746837970873,26.926028696759992,56.40386486121546,CLEAN
1.6641467841134785,0.0,5.00898988422,0.0006567306234231155,0.15816880275817752,31.206376964182876,52.14000293483507,CLEAN
1.3673831464907313,4.560502959355684,5.626388912890715,0.0009842407433359479,0.11286865532086748,26.107460791158434,69.3235271420034,CLEAN
1.9242271489162928,0.0,1.0176663202334235,0.0010105463739252937,0.04344663822487062,27.798167605259398,54.25338960567137,CLEAN
1.8264691162470097,2.853165306413192,3.371220821460157,0.0009951677893433265,0.14394819865353256,29.44182578004204,79.46563291251367,CLEAN
2.31021110652729,1.5703650214724914,1.048336100412982,0.0007855096413137901,0.1482384947151223,31.8999621167864,74.60305168086668,CLEAN
0.30871220017584555,3.0831452126607344,0.24222206509189403,0.0014490586620611737,0.08161077367144724,30.107599941801567,51.67551652105434,CLEAN
4.7567514490592195,0.535025253895111,1.9973176337202334,0.0005009526861154824,0.012285757358875049,28.283582702765404,83.06089117836962,CLEAN
7.000357833480013,2.0971557870862476,4.6750219126012835,0.0011160473189642686,0.12494415973841064,26.973554046618283,66.95076925422602,CLEAN
3.8062180569096427,1.4215402711236687,2.8837585501605183,0.0009707849405012559,0.14132016586652624,24.80190348511696,64.48457791392349,CLEAN
5.868008203579047,3.1640601525859378,5.023768573333058,0.001012215920089017,0.11604987818430117,31.006708500108775,80.60255529530932,CLEAN
0.0725956306756701,0.6845586929501544,4.964166152103972,0.0008615553221155983,0.06641396053709614,24.237517039013188,59.44983298455891,CLEAN
0.8964460748642629,4.091094272732477,2.9663459220291397,0.0009710247291186412,0.1294038337583916,30.88703550779971,74.45888156554639,CLEAN
4.610432915861358,1.3691544492091436,2.5531997925647083,0.0013845158277211377,0.07363054691801901,27.984680103918325,68.98763764424814,CLEAN
4.177777623465564,0.22231903762979877,4.072118474833418,0.0008831379710741373,0.13537288554321905,30.330795077064487,81.07915061119158,CLEAN
5.030180471431805,3.3465716626102964,5.165505478749358,0.001145689492407973,0.101609254351842,30.618451249535003,72.32080951433022,CLEAN
2.53640064489261,2.404823408808268,2.9473552998231085,0.000573033545769972,0.1645230370688175,28.165597727590267,85.48708257698851,CLEAN
0.561761594700251,1.4432212271566338,3.048958255036307,0.0015686905488144572,0.11997346863010926,28.931418262542255,53.727362074458526,CLEAN
1.264587904155793,2.322504660289905,0.9538410092724625,0.0007340611248553358,0.1250458664542929,25.05302718316967,81.05355962361807,CLEAN
4.835904516356836,0.4285800016616996,1.6014431352270193,0.0,0.06087043187259334,30.2991654297172,60.86105057725143,CLEAN
3.691195865423951,0.47766568171825585,4.196962881872858,0.0007224453860358251,0.10060848411414526,27.72137649582084,52.28451479107716,CLEAN
1.2703735023903264,2.967794469003426,3.5984882362525434,0.0015250245207767132,0.11623291177512593,28.428971904427648,47.73989381333233,CLEAN
2.5944499548582454,1.972615679596256,5.929660797408861,0.0013434783160493386,0.17680305908547644,29.792613117684184,57.886967730505205,CLEAN
3.175686324224777,2.236223646264233,1.5912666453439774,0.0008078063117035394,0.08971165031614141,32.816859497695354,44.192594746090215,CLEAN
4.808727631074065,1.0632047650406173,0.941881219095579,0.001589971065019232,0.13659490346171907,31.76355610714357,73.00701947545576,CLEAN
6.089767502606103,2.5587238369444854,2.7652839358152623,0.0011714631886606713,0.1621734564172982,25.66187402421965,58.48111417468619,CLEAN
2.536559978103139,0.0,3.20711761262632,5.693564802448697e-05,0.10265296564663096,30.59586926840575,60.23123539356165,CLEAN
5.515673805280306,0.5394991005815122,4.786891022447749,0.0013375685282034605,0.01419833758446555,36.1323828971216,64.36254714496035,CLEAN
1.6837739667665526,0.5929128052159831,2.6699729585104888,0.0009362965638050201,0.10513227642698322,27.10661153132812,71.33225310115094,CLEAN
2.4185552510051305,0.06503588275952898,2.7759577565255382,0.0,0.11768853154456949,25.062099309152096,66.63360354915801,CLEAN
4.971112472286906,1.0512513047319998,4.591884387768177,0.0007833052166569234,0.1876597401032793,26.90454216040536,56.59507014493309,CLEAN
4.030857675592933,1.564210270376364,1.7378257288064873,0.0007610800746481045,0.09776967339084994,32.026540393734564,45.65912254540423,CLEAN
3.034620988425631,2.624903594654043,3.2901728624876942,0.0016549325847167672,0.0962827335120738,27.446345673442163,70.92329547013344,CLEAN
3.1489707224270242,1.609591261719529,3.7742160593795697,0.0006737358533916774,0.06944114239903365,26.41601793470316,78.53069160166407,CLEAN
0.0,2.3955988347629424,3.0514077213003334,0.00015956477038093987,0.11548633895680012,29.427255975494596,70.896392313574,CLEAN
0.0,3.3663894118544384,1.8933949429727388,0.001343283873376588,0.1370536890341143,25.369908743142123,71.6045995235155,CLEAN
2.4217601386314627,0.0,4.751612888291668,0.0006124775184918801,0.05727532686309729,26.790802395889834,67.72236725327389,CLEAN
2.9140943837668467,2.5480669247071703,0.9907659502070114,0.0006288068147846328,0.09420014638392332,33.69366187797612,63.86187461586242,CLEAN
4.6278333954924475,2.0385551687843178,2.2745120438436475,0.0008766377879427798,0.09157901439855595,29.810937216882216,78.74611267576554,CLEAN
3.5395212715294817,3.1870776787417556,1.5528153935554716,0.0007926847455929847,0.06378487328961666,28.94333377262456,61.41041614820586,CLEAN
4.094659405551293,1.0689982883675584,3.0645464599819223,0.001343428955506128,0.0,34.364893921990614,62.16848115120124,CLEAN
0.0,2.158093898576786,3.0501652019597265,0.0009590528102137536,0.14955955564633333,30.242334914281166,67.97876191023845,CLEAN
3.6752334509199716,1.8956415505619135,5.663236273860072,0.0002604019908211167,0.10698258371079483,28.19507389356634,73.13280406064592,CLEAN
1.734219183862651,0.2563273976034639,3.2352345241472897,0.001140615246109302,0.17447997047238245,24.18891386102474,76.5469376671672,CLEAN
6.551121546040682,1.622235112477523,1.0635866707601638,0.0007965128168133144,0.10070024836856904,29.691363625020745,59.08605270161952,CLEAN
5.332797801221012,0.8854676849919383,0.39119227174079985,0.0015533552121436587,0.0,27.387610693381852,95.0,CLEAN
2.981934670560103,0.8792323493037504,2.9139038043198093,0.0009745996056902332,0.10803249701765583,29.98678894647886,54.608888316322606,CLEAN
5.531322082855191,2.245114284372618,4.090191069602706,0.0006859253001221787,0.16431910684977669,27.228842773560807,67.77552513493532,CLEAN
1.600340884219336,1.0030683735978732,4.032307959679324,0.000778196584896307,0.05730884562478115,26.070449973918908,71.9895307171742,CLEAN
2.0564432081945836,1.882345068397836,3.0225416254306454,4.132555699485057e-05,0.026443679731324096,29.00883366774269,57.629706388473025,CLEAN
4.585087366920628,2.9668071042505444,4.0787529995331555,0.0019098858936562988,0.09584553361284084,29.946645777711517,59.15599023403969,CLEAN
6.678554869303086,3.983633652436019,3.017820651776688,0.001193293114952596,0.16796487996824028,27.558581485557678,58.433759292002954,CLEAN
4.310984626510324,2.0784392460836703,3.2744916744678907,0.0005828643284660173,0.014116392581830187,28.7084272296373,74.049620414942,CLEAN
2.661289876385937,3.4364295195588666,1.9441255118766834,0.00047264777251704,0.09663848464019344,27.752222273946128,72.69968731335223,CLEAN
1.8375557639040228,3.368094236814898,5.950375443762381,0.0009804279865158292,0.16248552100921593,24.83050878812422,75.75221541181917,CLEAN
4.570914612839194,2.8634372801898786,2.976655366694559,0.0,0.06791364281739354,26.122251946946193,55.21745061939522,CLEAN
3.1833645068205993,1.5810365544787652,1.763081985352467,0.00047059992587609014,0.06422435072573857,31.364497635549785,58.38974945372506,CLEAN
2.2275919403500914,1.5433023849767538,3.5084902707141294,0.0012281247442642665,0.0,31.064905641482824,79.36368034243753,CLEAN
1.4247201939574958,1.0277017552651653,2.324619918332593,0.0006219979902716975,0.11119634369733032,22.160424140923407,53.8207239196326,CLEAN
5.308795800262361,1.0717800326519822,4.865142417154387,0.0011776690977950684,0.009536614270587093,29.905987585648617,63.823326978071464,CLEAN
2.3167994156253893,2.2449570931720038,3.7119502283501884,0.0013537959109873098,0.15891264237740013,29.22440773833507,51.243659112136385,CLEAN
2.2895318135232134,4.943048335268621,4.086736590572592,0.0021846436504057484,0.1697717041099593,28.725406214667245,68.01407069781118,CLEAN
2.9451299401847315,0.2621953841535005,3.0270708787023364,0.0016053372762710985,0.07001800025893982,29.235858997185428,73.51591045893197,CLEAN
1.635479341031287,1.5486971356563353,1.4731327642842613,0.0005889171966552966,0.03561973581734694,25.29865461586592,79.19455680797839,CLEAN
